-- --------------------------------------------------------
-- Host:                         127.0.0.1
-- Server version:               10.1.37-MariaDB - mariadb.org binary distribution
-- Server OS:                    Win32
-- HeidiSQL Version:             10.1.0.5464
-- --------------------------------------------------------

/*!40101 SET @OLD_CHARACTER_SET_CLIENT=@@CHARACTER_SET_CLIENT */;
/*!40101 SET NAMES utf8 */;
/*!50503 SET NAMES utf8mb4 */;
/*!40014 SET @OLD_FOREIGN_KEY_CHECKS=@@FOREIGN_KEY_CHECKS, FOREIGN_KEY_CHECKS=0 */;
/*!40101 SET @OLD_SQL_MODE=@@SQL_MODE, SQL_MODE='NO_AUTO_VALUE_ON_ZERO' */;


-- Dumping database structure for colocolo
CREATE DATABASE IF NOT EXISTS `sisco` /*!40100 DEFAULT CHARACTER SET latin1 */;
USE `sisco`;

-- Dumping structure for table colocolo.d_server
CREATE TABLE IF NOT EXISTS `d_server` (
  `id` int(10) unsigned NOT NULL AUTO_INCREMENT,
  `app_id` int(10) DEFAULT NULL,
  `kd_env` char(2) DEFAULT NULL,
  `fungsi` varchar(255) DEFAULT NULL,
  `serial_num` varchar(255) DEFAULT NULL,
  `merk_id` int(10) DEFAULT NULL,
  `tipe` varchar(255) DEFAULT NULL,
  `ip` varchar(255) DEFAULT NULL,
  `hostname` varchar(50) DEFAULT NULL,
  `center_id` int(10) DEFAULT NULL,
  `rak` varchar(10) DEFAULT NULL,
  `os_id` int(10) DEFAULT NULL,
  `os_version` varchar(255) DEFAULT NULL,
  `cpu` varchar(255) DEFAULT NULL,
  `memory` varchar(255) DEFAULT NULL,
  `disk` varchar(255) DEFAULT NULL,
  `storage` varchar(255) DEFAULT NULL,
  `engine` varchar(50) DEFAULT NULL,
  `uakpb_id` int(10) DEFAULT NULL,
  `kd_bmn` varchar(255) DEFAULT NULL,
  `uraian_bmn_id` int(10) DEFAULT NULL,
  `kondisi` varchar(255) DEFAULT NULL,
  `tgl_perolehan` date DEFAULT NULL,
  `tgl_perolehan_ket` varchar(255) DEFAULT NULL,
  `nil_perolehan` decimal(13,2) DEFAULT NULL,
  `nil_depresiasi` decimal(13,2) DEFAULT NULL,
  `tgl_lisensi` date DEFAULT NULL,
  `kd_sts_lisensi` char(1) DEFAULT NULL,
  `ket` varchar(255) DEFAULT NULL,
  `updated_at` datetime DEFAULT NULL,
  PRIMARY KEY (`id`)
) ENGINE=InnoDB AUTO_INCREMENT=412 DEFAULT CHARSET=latin1;

-- Dumping data for table colocolo.d_server: ~409 rows (approximately)
DELETE FROM `d_server`;
/*!40000 ALTER TABLE `d_server` DISABLE KEYS */;
INSERT INTO `d_server` (`id`, `app_id`, `kd_env`, `fungsi`, `serial_num`, `merk_id`, `tipe`, `ip`, `hostname`, `center_id`, `rak`, `os_id`, `os_version`, `cpu`, `memory`, `disk`, `storage`, `engine`, `uakpb_id`, `kd_bmn`, `uraian_bmn_id`, `kondisi`, `tgl_perolehan`, `tgl_perolehan_ket`, `nil_perolehan`, `nil_depresiasi`, `tgl_lisensi`, `kd_sts_lisensi`, `ket`, `updated_at`) VALUES
	(1, 1, '1', 'Database Settlement 1 (DB1 SET)', '99A0415', 1, 'IBM SystemX 3690X5', '10.243.7.11 / 12', 'db1', 1, '01', 1, 'RHEL 6.2', 'intel® Xeon® CPU E-2830 @2.13GHz (2 x 8 Core)', '128 GB', '250 GB + 2150 GB', 'DS 5020', 'oracle', 0, '', 0, '', '0000-00-00', '', 0.00, 0.00, '0000-00-00', '', '', NULL),
	(2, 1, '1', 'Database Settlement 2 (DB2 SET)', '99A0417', 1, 'IBM SystemX 3690X5', '10.243.7.15 / 16', 'db2', 1, '01', 1, 'RHEL 6.2', 'intel® Xeon® CPU E-2830 @2.13GHz (2 x 8 Core)', '128 GB', '250 GB + 2150 GB', 'DS 5020', 'oracle', 0, '', 0, '', '0000-00-00', '', 0.00, 0.00, '0000-00-00', '', '', NULL),
	(3, 1, '1', 'HS22 APP1', '99V9577', 1, 'IBM Blade HS22 #1', '10.243.4.11', 'DC1A609E01', 1, '01', 1, 'RHEL 6.2', 'intel® Xeon® CPU X-5675 @3.07 GHz (6 Core)', '36 GB', '300 GB + 700 GB SAN', 'DS 5020', '', 0, '', 0, '', '0000-00-00', '', 0.00, 0.00, '0000-00-00', '', '', NULL),
	(4, 1, '1', 'HS22 APP2', '99V9582', 1, 'IBM Blade HS22 #2', '10.243.4.12', 'DC1A603E02', 1, '01', 1, 'RHEL 6.2', 'intel® Xeon® CPU X-5675 @3.07 GHz (6 Core)', '36 GB', '300 GB + 700 GB SAN', 'DS 5020', '', 0, '', 0, '', '0000-00-00', '', 0.00, 0.00, '0000-00-00', '', '', NULL),
	(5, 1, '1', 'Aplikasi Biller Notifikasi #1', '99V9426', 1, 'IBM Blade HS22 #4', '10.243.4.14', 'DC1A603E04', 1, '01', 1, 'RHEL 6.2', 'intel® Xeon® CPU X-5675 @3.07 GHz (6 Core)', '36 GB', '300 GB + 400 GB SAN', 'DS 5020', '', 0, '', 0, '', '0000-00-00', '', 0.00, 0.00, '0000-00-00', '', '', NULL),
	(6, 1, '1', 'FTP Server', '99V9579 ', 1, 'IBM Blade HS22 #3', '10.243.4.13', 'DC1A603E03', 1, '01', 1, 'RHEL 6.2', 'intel® Xeon® CPU X-5675 @3.07 GHz (6 Core)', '36 GB', '300 GB + 400 GB SAN', 'DS 5020', '', 0, '', 0, '', '0000-00-00', '', 0.00, 0.00, '0000-00-00', '', '', NULL),
	(7, 1, '0', 'Dev DB Settlement', 'DR5KF2S', 2, 'Dell Poweredge R720', '10.243.2.28', '', 1, '01', 2, 'Win2008', 'intel® Xeon® CPU E-2620 v2@2.0 GHz (2 x 6 Core)', '8 GB', '300 GB', 'internal Storage', '', 1, '3100204001.632', 1, 'B', '2012-12-21', '', 0.00, 0.00, '0000-00-00', '', '', NULL),
	(8, 1, '0', 'Dev Portal Rekon', 'JQ5KF2S', 2, 'Dell Poweredge R720', '10.243.2.29', '', 1, '01', 2, 'Win2008', 'intel® Xeon® CPU E-2620 v2@2.0 GHz (2 x 6 Core)', '8 GB', '300 GB', 'internal Storage', '', 1, '3100204001.633', 1, 'B', '2012-12-21', '', 0.00, 0.00, '0000-00-00', '', '', NULL),
	(9, 1, '0', 'Dashboard MPN G2 & Dev Aplikasi ', 'BR5KF2S', 2, 'Dell Poweredge R720', '10.243.2.30', '', 1, '01', 2, 'Win2008', 'intel® Xeon® CPU E-2620 v2@2.0 GHz (2 x 6 Core)', '8 GB', '300 GB', 'internal Storage', '', 1, '3100204001.634', 1, 'B', '2012-12-21', '', 0.00, 0.00, '0000-00-00', '', '', NULL),
	(10, 1, '0', 'Backup Dev Switching/Settlement', 'JR5KF2S', 2, 'Dell Poweredge R720', '10.243.2.31', '', 1, '01', 2, 'Win2008', 'intel® Xeon® CPU E-2620 v2@2.0 GHz (2 x 6 Core)', '8 GB', '300 GB', 'internal Storage', '', 1, '3100204001.635', 1, 'B', '2012-12-21', '', 0.00, 0.00, '0000-00-00', '', '', NULL),
	(11, 1, '0', 'Simulator Bank (Pembayaran)', 'FR5KF2S', 2, 'Dell Poweredge R720', '10.243.2.32', '', 1, '01', 2, 'Win2008', 'intel® Xeon® CPU E-2620 v2@2.0 GHz (2 x 6 Core)', '8 GB', '300 GB', 'internal Storage', '', 1, '3100204001.636', 1, 'B', '2012-12-21', '', 0.00, 0.00, '0000-00-00', '', '', NULL),
	(12, 1, '1', 'Storage Controller', '', 1, 'DS5020', '', '', 1, '01', 0, '', '', '', '', '', '', 2, '', 0, '', '0000-00-00', '', 0.00, 0.00, '0000-00-00', '', '', NULL),
	(13, 1, '1', 'Storage Expansion', '', 1, 'Exp5000', '', '', 1, '01', 0, '', '', '', '', '', '', 2, '', 0, '', '0000-00-00', '', 0.00, 0.00, '0000-00-00', '', '', NULL),
	(14, 0, '', 'KVM', '', 1, 'KVM', '', '', 1, '01', 0, '', '', '', '', '', '', 0, '', 0, '', '0000-00-00', '', 0.00, 0.00, '0000-00-00', '', '', NULL),
	(15, 1, '0', 'Dashboard MPN G2', '7R5KF2S', 2, 'Dell Poweredge R720', '10.243.2.34', '', 1, '02', 2, 'Win2008', 'intel® Xeon® CPU E-2620 v2@2.0 GHz (2 x 6 Core)', '8 GB', '300 GB', 'internal Storage', '', 1, '3100204001.637', 1, 'B', '2012-12-21', '', 0.00, 0.00, '0000-00-00', '', '', NULL),
	(16, 1, '0', 'Dev Switching', '1R5KF2S', 2, 'Dell Poweredge R720', '10.243.2.35', '', 1, '02', 2, 'Win2008', 'intel® Xeon® CPU E-2620 v2@2.0 GHz (2 x 6 Core)', '8 GB', '300 GB', 'internal Storage', '', 1, '3100204001.638', 1, 'B', '2012-12-21', '', 0.00, 0.00, '0000-00-00', '', '', NULL),
	(17, 1, '0', 'Backup Dev Aplikasi Settlement', '6R5KFS2', 2, 'Dell Poweredge R720', '10.243.2.36', '', 1, '02', 2, 'Win2008', 'intel® Xeon® CPU E-2620 v2@2.0 GHz (2 x 6 Core)', '8 GB', '300 GB', 'internal Storage', '', 1, '3100204001.639', 1, 'B', '2012-12-21', '', 0.00, 0.00, '0000-00-00', '', '', NULL),
	(18, 1, '0', 'Backup Dev DB Settlement', 'HQ5KF2S', 2, 'Dell Poweredge R720', '10.243.2.37', '', 1, '02', 2, 'Win2012', 'intel® Xeon® CPU E-2620 v2@2.0 GHz (2 x 6 Core)', '8 GB', '300 GB', 'internal Storage', '', 1, '3100204001.640', 1, 'B', '2012-12-21', '', 0.00, 0.00, '0000-00-00', '', '', NULL),
	(19, 1, '0', 'Backup Dashboard MPN (KPPN Khusus)', '86LHB2S', 2, 'Dell Poweredge R720', '10.243.2.38', '', 1, '02', 2, 'Win2003', 'intel® Xeon® CPU E-2620 v2@2.0 GHz (2 x 6 Core)', '8 GB', '300 GB', 'internal Storage', '', 1, '3100204001.641', 1, 'B', '2012-12-21', '', 0.00, 0.00, '0000-00-00', '', '', NULL),
	(20, 2, '0', 'Server Dev/test', '99A0281', 1, 'x3690 X5', '', '', 1, '02', 0, '', '', '', '', '', '', 0, '', 0, 'Rusak', '0000-00-00', '', 0.00, 0.00, '0000-00-00', '', '', NULL),
	(21, 2, '1', 'Server Prod DB1 SAKTI', '99A0280', 1, 'x3690 X5', '10.100.91.171', 'sakti01', 1, '02', 0, '', '', '', '', 'DS5300 SAKTI', 'oracle', 0, '', 0, '', '0000-00-00', '', 0.00, 0.00, '0000-00-00', '', 'pindah ke exadata', NULL),
	(22, 2, '1', 'Server Prod DB2 SAKTI', '99A0283', 1, 'x3690 X5', '10.100.91.173', 'sakti02', 1, '02', 0, '', '', '', '', '', 'oracle', 0, '', 0, '', '0000-00-00', '', 0.00, 0.00, '0000-00-00', '', 'pindah ke exadata', NULL),
	(23, 2, '1', 'Server Prod Portal1 SAKTI', '99V5245', 1, ' BladeCenter HS22', '10.100.93.148 / 149', 'portal1', 1, '02', 0, '', '', '', '', '', '', 0, '', 0, '', '0000-00-00', '', 0.00, 0.00, '0000-00-00', '', '', NULL),
	(24, 2, '1', 'Server Prod Portal2 SAKTI', '99V5244', 1, ' BladeCenter HS22', '10.100.93.154 / 155', 'portal2', 1, '02', 0, '', '', '', '', '', '', 0, '', 0, '', '0000-00-00', '', 0.00, 0.00, '0000-00-00', '', '', NULL),
	(25, 2, '1', 'Server Prod Konverter SAKTI', '99V5257', 1, ' BladeCenter HS22', '10.100.93.181', 'saktikonv', 1, '02', 0, '', '', '', '', '', '', 0, '', 0, '', '0000-00-00', '', 0.00, 0.00, '0000-00-00', '', '', NULL),
	(26, 2, '1', 'Server Prod APP1 SAKTI', '99V5254', 1, ' BladeCenter HS22', '10.100.93.171', 'aplikasi1', 1, '02', 0, '', '', '', '', '', 'jboss, jasper', 0, '', 0, '', '0000-00-00', '', 0.00, 0.00, '0000-00-00', '', '', NULL),
	(27, 2, '1', 'Server Prod APP2 SAKTI', '99V5253', 1, ' BladeCenter HS22', '10.100.93.174', 'aplikasi2', 1, '02', 0, '', '', '', '', '', 'jboss, jasper', 0, '', 0, '', '0000-00-00', '', 0.00, 0.00, '0000-00-00', '', '', NULL),
	(28, 0, '', '-', '', 1, 'KVM', '', '', 1, '02', 0, '', '', '', '', '', '', 0, '', 0, '', '0000-00-00', '', 0.00, 0.00, '0000-00-00', '', '', NULL),
	(29, 1, '1', 'Aplikasi Biller Notifikasi #2', '06HFNYY', 3, 'Lenovo X3650 M5', '10.100.88.118', 'localhost', 1, '03', 1, 'OL6.7', 'intel® Xeon® CPU E-2620 v3@2.40 GHz (6 Core)', '16 GB', '300 GB ', 'internal Storage', '', 1, '3100204001.676', 1, 'B', '2015-12-30', '', 0.00, 0.00, '0000-00-00', '', '', NULL),
	(30, 1, '1', 'Aplikasi Biller Interface #2', '06HFNYZ', 3, 'Lenovo X3650 M5', '10.100.88.116', 'localhost', 1, '03', 1, 'OL6.7', 'intel® Xeon® CPU E-2620 v3@2.40 GHz (6 Core)', '16 GB', '300 GB ', 'internal Storage', '', 1, '3100204001.677', 1, 'B', '2015-12-30', '', 0.00, 0.00, '0000-00-00', '', '', NULL),
	(31, 1, '1', 'Aplikasi Biller Interface #3', '06HFNYR', 3, 'Lenovo X3650 M5', '10.100.88.117', 'localhost', 1, '03', 1, 'OL6.7', 'intel® Xeon® CPU E-2620 v3@2.40 GHz (6 Core)', '16 GB', '300 GB ', 'internal Storage', '', 1, '3100204001.678', 1, 'B', '2015-12-30', '', 0.00, 0.00, '0000-00-00', '', '', NULL),
	(32, 1, '1', 'Aplikasi Settlement #6', '06HFDEFZ', 3, 'Lenovo x3550 M5', '10.100.88.119', 'localhost', 1, '03', 1, 'OL6.7', 'intel® Xeon® CPU E-2620 v3@2.40 GHz (6 Core)', '16 GB', '600 GB 10K', 'internal Storage', '', 1, '3100204001.674', 1, 'B', '2015-12-30', '', 0.00, 0.00, '0000-00-00', '', '', NULL),
	(33, 1, '1', 'Aplikasi Settlement #7', '06HFDEFY', 3, 'Lenovo x3550 M5', '10.100.88.120', 'localhost', 1, '03', 1, 'OL6.7', 'intel® Xeon® CPU E-2620 v3@2.40 GHz (6 Core)', '16 GB', '600 GB 10K', 'internal Storage', '', 1, '3100204001.675', 1, 'B', '2015-12-30', '', 0.00, 0.00, '0000-00-00', '', '', NULL),
	(34, 1, '1', 'Database Rekonsiliasi #2', '06HFNYW', 3, 'Lenovo X3650 M5', '10.100.88.121', 'dbrekon', 1, '03', 1, 'OL6.7', 'intel® Xeon® CPU E-2620 v3@2.40 GHz (2 x 6 Core)', '96 GB', '600 GB + 200 GB SSD', 'internal Storage', '', 0, '', 0, '', '0000-00-00', '', 0.00, 0.00, '0000-00-00', '', '', NULL),
	(35, 1, '1', 'Storage Controller', '', 1, 'DS5020', '', '', 1, '03', 0, '', '', '', '', '', '', 2, '', 0, '', '0000-00-00', '', 0.00, 0.00, '0000-00-00', '', '', NULL),
	(36, 1, '1', 'Storage Expansion', '', 1, 'Exp5000', '', '', 1, '03', 0, '', '', '', '', '', '', 2, '', 0, '', '0000-00-00', '', 0.00, 0.00, '0000-00-00', '', '', NULL),
	(37, 3, '1', 'Backend Mail I', '99M3880', 1, 'Blade HS22', '10.242.2.4', 'DC1F102E01', 1, 's 8', 2, 'WinServer 2008 R2 Enterprise', 'Inter® Xeon® CPU X5570 @2,93 GHz (16 CPUs), ~2,9GHz', '8192 MB', '73+62,65+1536+139,45+1770 (GB)', 'Internal Blade HS22', '', 3, '3100204001.26', 1, 'B', '2011-11-29', '', 665843463.00, 665843463.00, '2017-11-29', '0', '', NULL),
	(38, 3, '1', 'Front End Mail Server', '99M3883', 1, 'Blade HS22', '10.242.7.7', 'DC1F102E03', 1, 's 8', 2, 'WinServer 2008 R2 Standar', 'Inter® Xeon® CPU X5570 @2,93 GHz (16 CPUs), ~2,9GHz', '8192 MB', '73+62,65+149,89 (GB)', 'Internal Blade HS22', '', 3, '3100204001.29', 1, 'B', '2011-11-29', '', 665453430.00, 665453430.00, '2017-11-29', '0', '', NULL),
	(39, 3, '1', 'Backend Mail II', '99M3881', 1, 'Blade HS22', '10.242.2.5', 'DC1F102E08', 1, 's 8', 2, 'WinServer 2008 R2 Enterprise', 'Inter® Xeon® CPU X5570 @2,93 GHz (16 CPUs), ~2,9GHz', '8192 MB', '87+62,65+1536+139,45+1770 (GB)', 'Internal Blade HS22', '', 3, '3100204001.27', 1, 'B', '2011-11-29', '', 665843463.00, 665843463.00, '2017-11-29', '0', '', NULL),
	(40, 3, '1', 'Arsip Email', '', 1, 'Blade HS22', '10.242.5.85', 'WINDOWS-55V076R', 1, 's 8', 2, 'WinServer 2008 R2 Standar', '-', '-', '-', 'Internal Blade HS22', '', 0, '', 0, '', '0000-00-00', '', 0.00, 0.00, '0000-00-00', '', '', NULL),
	(41, 3, '1', 'DNS1', '99M4160', 1, 'Blade HS22', '10.242.2.8', 'DC1F102E02', 1, 's 8', 2, 'WinServer 2008 R2 Standar', 'Inter® Xeon® CPU E5540 @2,93 GHz (8 CPUs), ~2,9GHz', '4096 MB', '73+62,65 (GB)', 'Internal Blade HS22', '', 3, '3100204001.32', 1, 'B', '2011-11-29', '', 68941275.00, 68941275.00, '2017-11-29', '0', '', NULL),
	(42, 3, '1', 'DNS2', '99M4159', 1, 'Blade HS22', '10.242.2.9', 'DC1F102E09', 1, 's 8', 2, 'WinServer 2008 R2 Standar', 'Inter® Xeon® CPU E5540 @2,93 GHz (8 CPUs), ~2,9GHz', '4096 MB', '73+62,65 (GB)', 'Internal Blade HS22', '', 3, '3100204001.31', 1, 'B', '2011-11-29', '', 68941275.00, 68941275.00, '2017-11-29', '0', '', NULL),
	(43, 3, '1', 'Server Aplikasi TCO', '', 1, 'Blade HS22', '10.242.3.4', 'DC1F102E04', 1, 's 8', 2, 'WinServer 2008 R2 Standar', 'Virtual Machine, Server Induk Tcodbsvr', '4096 MB', 'C:80 GB', 'Internal Blade HS22', '', 0, '', 0, '', '0000-00-00', '', 0.00, 0.00, '0000-00-00', '', '', NULL),
	(44, 3, '1', 'Server Antivirus (trend micro & sophos)', '99M3679', 1, 'Blade HS22', '10.242.3.5', 'DC1F102E05', 1, 's 8', 2, 'WinServer 2008 R2 Standar', 'Inter® Xeon® CPU X5570 @2,93 GHz (16 CPUs), ~2,9GHz', '8192 MB', '73+62,65 (GB)', 'Internal Blade HS22', '', 3, '3100204001.24', 1, 'B', '2011-11-29', '', 192794488.00, 192794488.00, '2017-11-29', '0', '', NULL),
	(45, 3, '1', 'Tivoli Monitoring', '99M3884', 1, 'Blade HS22', '10.242.4.4', 'DC1F102E06', 1, 's 8', 2, 'WinServer 2008 R2 Standar', 'Inter® Xeon® CPU X5570 @2,93 GHz (8 CPUs), ~2,9GHz', '8192 MB', '73+62,65 (GB)', 'Internal Blade HS22', '', 3, '3100204001.34', 1, 'B', '2011-11-29', '', 316992103.00, 316992103.00, '2017-11-29', '0', '', NULL),
	(46, 3, '1', 'DB TCO', '99M3879', 1, 'Blade HS22', '10.242.3.7', 'TCODBSVR', 1, 's 8', 2, 'WinServer 2008 R2 Standar', 'Inter® Xeon® CPU X5570 @2,93 GHz (16 CPUs), ~2,9GHz', '8192 MB', '69,99+67,88 (GB)', 'Internal Blade HS22', '', 3, '3100204001.25', 1, 'B', '2011-11-29', '', 214805859.00, 214805859.00, '2017-11-29', '0', '', NULL),
	(47, 4, '', 'APP1', '06FF861', 1, 'Blade HS22', '10.242.11.83', 'DC1F111E12', 1, 's 8', 2, 'WinServer 2008 R2 Enterprise', 'Inter® Xeon® CPU X5570 @2,93 GHz (8 CPUs), ~2,9GHz', '32768 MB', '70+65,86+700.10 (GB)', 'Internal Blade HS22&V7000 Storwize', '', 3, '3100204001.81', 1, 'B', '2014-06-27', '', 318950424.00, 318950424.00, '2020-06-27', '1', '', NULL),
	(48, 4, '', 'APP2', '06FF857', 1, 'Blade HS22', '10.242.11.84', 'DC1F111E15', 1, 's 8', 2, 'WinServer 2008 R2 Standar', 'Inter® Xeon® CPU X5570 @2,93 GHz (8 CPUs), ~2,9GHz', '32768 MB', '70+65,86+30 (GB)', 'Internal Blade HS22&V7000 Storwize', '', 3, '3100204001.82', 1, 'B', '2014-06-27', '', 318950424.00, 318950424.00, '2020-06-27', '1', '', NULL),
	(49, 4, '', 'DB1', '06FF860', 1, 'Blade HS22', '10.242.1.20', 'DC1F111E11', 1, 's 8', 2, 'WinServer 2008 R2 Standar', 'Inter® Xeon® CPU X5570 @2,93 GHz (8 CPUs), ~2,9GHz', '49152 MB', '70+65,86+700.10 (GB)', 'Internal Blade HS22&V7000 Storwize', 'oracle', 3, '3100204001.78', 1, 'B', '2014-06-27', '', 353055024.00, 353055024.00, '2020-06-27', '1', '', NULL),
	(50, 4, '', 'DB2', '06FF862', 1, 'Blade HS22', '10.242.1.22', 'DC1F111E14', 1, 's 8', 2, 'WinServer 2008 R2 Standar', 'Inter® Xeon® CPU X5570 @2,93 GHz (8 CPUs), ~2,9GHz', '48 GB', '70+65,86+700.10+8 (GB)', 'Internal Blade HS22&V7000 Storwize', 'oracle', 3, '3100204001.79', 1, 'B', '2014-06-27', '', 353055024.00, 353055024.00, '2020-06-27', '1', '', NULL),
	(51, 4, '0', 'development', '06FF852', 1, 'Blade HS23', '10.242.1.23', 'DC1F111E13', 1, 's 8', 2, 'WinServer 2008 R2 Standar', 'Inter® Xeon® CPU X5570 @2,93 GHz (8 CPUs), ~2,9GHz', '32 GB', '70+65,86+700.10+8 (GB)', 'Internal Blade HS22', '', 3, '3100204001.84', 1, 'B', '2014-06-27', '', 318950424.00, 318950424.00, '2020-06-27', '1', '', NULL),
	(52, 0, '', 'KVM', '', 1, 'KVM', '', '', 1, 's 8', 0, '', '', '', '', '', '', 0, '', 0, '', '0000-00-00', '', 0.00, 0.00, '0000-00-00', '', '', NULL),
	(53, 2, '1', 'Server Prod SMS SAKTI / SMS Gateway', '99D6384', 1, 'x3250 M3', '10.100.88.241', 'saktisms', 1, 's 9', 0, '', '', '', '', '', '', 3, '3100204001.50', 1, 'B', '2013-01-15', '', 128998991.00, 128998991.00, '2019-01-15', '1', 'Server Kanwil', NULL),
	(54, 2, '1', 'Konsolidasi Es1', '99D6773', 1, 'x3250 M3', '', '', 1, 's 9', 0, '', '', '', '', '', '', 3, '3100204001.51', 1, 'B', '2013-01-15', '', 128998991.00, 128998991.00, '2019-01-15', '1', '', NULL),
	(55, 2, '1', 'Server Prod FTP SAKTI', '99D6760', 1, 'x3250 M3', '10.100.88.60', 'saktiftp', 1, 's 9', 0, '', '', '', '', '', '', 3, '3100204001.52', 1, 'B', '2013-01-15', '', 128998991.00, 128998991.00, '2019-01-15', '1', 'Server Kanwil', NULL),
	(56, 2, '1', '-', '99D6379', 1, 'x3250 M3', '', '', 1, 's 9', 0, '', '', '', '', '', '', 3, '3100204001.53', 1, 'B', '2013-01-15', '', 128998991.00, 128998991.00, '2019-01-15', '1', '', NULL),
	(57, 2, '1', 'Konsolidasi Kanwil', '99D6374', 1, 'x3250 M3', '', '', 1, 's 9', 0, '', '', '', '', '', '', 3, '3100204001.54', 1, 'B', '2013-01-15', '', 128998991.00, 128998991.00, '2019-01-15', '1', '', NULL),
	(58, 2, '1', '-', '99D6385', 1, 'x3250 M3', '', '', 1, 's 9', 0, '', '', '', '', '', '', 3, '3100204001.55', 1, 'B', '2013-01-15', '', 128998991.00, 128998991.00, '2019-01-15', '1', '', NULL),
	(59, 2, '1', '-', '99D6392', 1, 'x3250 M3', '', '', 1, 's 9', 0, '', '', '', '', '', '', 3, '3100204001.56', 1, 'B', '2013-01-15', '', 128998991.00, 128998991.00, '2019-01-15', '1', '', NULL),
	(60, 2, '1', '-', '99D6380', 1, 'x3250 M3', '', '', 1, 's 9', 0, '', '', '', '', '', '', 3, '3100204001.57', 1, 'B', '2013-01-15', '', 128998991.00, 128998991.00, '2019-01-15', '1', '', NULL),
	(61, 2, '1', '-', '99D6372', 1, 'x3250 M3', '', '', 1, 's 9', 0, '', '', '', '', '', '', 3, '3100204001.58', 1, 'B', '2013-01-15', '', 128998991.00, 128998991.00, '2019-01-15', '1', '', NULL),
	(62, 2, '1', '-', '99D6389', 1, 'x3250 M3', '', '', 1, 's 9', 0, '', '', '', '', '', '', 3, '3100204001.59', 1, 'B', '2013-01-15', '', 128998991.00, 128998991.00, '2019-01-15', '1', '', NULL),
	(63, 2, '0', 'DB Training SAKTI', '99D6387', 1, 'x3250 M3', '10.100.88.47', 'dbtrainingsakti', 1, 's 9', 0, '', '', '', '', 'DS5300 SAKTI', '', 3, '3100204001.49', 1, 'B', '2013-01-15', '', 128998991.00, 128998991.00, '2019-01-15', '1', 'Server Kanwil', NULL),
	(64, 2, '0', 'Konsolidasi KL', '99D6378', 1, 'x3250 M3', '', '', 1, 's 9', 0, '', '', '', '', '', '', 3, '3100204001.61', 1, 'B', '2013-01-15', '', 128998991.00, 128998991.00, '2019-01-15', '1', '', NULL),
	(65, 2, '0', 'Dev / UT Portal', '99D6770', 1, 'x3250 M3', '10.100.88.50', '', 1, 's 9', 0, '', '', '', '', 'DS5300 SAKTI', '', 3, '3100204001.62', 1, 'B', '2013-01-15', '', 128998991.00, 128998991.00, '2019-01-15', '1', 'Server Kanwil', NULL),
	(66, 0, '', 'KVM', '', 1, 'KVM', '', '', 1, 's 9', 0, '', '', '', '', '', '', 0, '', 0, '', '0000-00-00', '', 0.00, 0.00, '0000-00-00', '', '', NULL),
	(67, 2, '0', 'Dev & UT App', 'DYDGF22', 2, 'Dell PowerEdge R720', '10.100.88.62', 'training3', 1, 's 10', 0, '', '', '', '', 'DS5300 SAKTI', '', 4, '', 0, 'B', '0000-00-00', '', 0.00, 0.00, '0000-00-00', '', '', NULL),
	(68, 2, '0', 'UAT (App, Jasper, Db, Portal)', 'C0FGF22', 2, 'Dell PowerEdge R720', '10.100.88.63', 'training2', 1, 's 10', 0, '', '', '', '', 'DS5300 SAKTI', '', 4, '', 0, 'B', '0000-00-00', 'Sewa s/d  Des 2015', 0.00, 0.00, '0000-00-00', '', '', NULL),
	(69, 2, '0', 'Dev & UT DB', '22FGF22', 2, 'Dell PowerEdge R720', '10.100.88.64', 'training1', 1, 's 10', 0, '', '', '', '', 'DS5300 SAKTI', '', 4, '', 1, 'B', '0000-00-00', 'Sewa s/d  Des 2015', 0.00, 0.00, '0000-00-00', '', '', NULL),
	(70, 2, '0', 'Dev & UT SMS', '99D6774', 1, 'x3250 M3', '10.100.88.61', 'saktismsdev', 1, 's 10', 0, '', '', '', '', 'DS5300 SAKTI', '', 3, '3100204001.35', 1, 'B', '2013-01-15', '', 128998991.00, 128998991.00, '2019-01-15', '1', 'Server Kanwil', NULL),
	(71, 2, '0', 'Dev & UT Konverter', '99D6386', 1, 'x3250 M3', '10.100.88.48', 'saktikonvdev', 1, 's 10', 0, '', '', '', '', 'DS5300 SAKTI', '', 3, '3100204001.36', 1, 'B', '2013-01-15', '', 128998991.00, 128998991.00, '2019-01-15', '1', 'Server Kanwil', NULL),
	(72, 2, '2', '-', '99D6391', 1, 'x3250 M3', '', '', 1, 's 10', 0, '', '', '', '', '', '', 3, '3100204001.37', 1, 'B', '2013-01-15', '', 128998991.00, 128998991.00, '2019-01-15', '1', '', NULL),
	(73, 2, '2', 'FTP Aplikasi Trn / SMS Gateway Fam', '99D6393', 1, 'x3250 M3', '10.100.88.58', 'smsfam', 1, 's 10', 0, '', '', '', '', 'DS5300 SAKTI', '', 3, '3100204001.38', 1, 'B', '2013-01-15', '', 128998991.00, 128998991.00, '2019-01-15', '1', 'Server Kanwil', NULL),
	(74, 2, '2', '-', '99D6388', 1, 'x3250 M3', '', '', 1, 's 10', 0, '', '', '', '', '', '', 3, '3100204001.39', 1, 'B', '2013-01-15', '', 128998991.00, 128998991.00, '2019-01-15', '1', '', NULL),
	(75, 2, '2', '-', '99D6382', 1, 'x3250 M3', '', '', 1, 's 10', 0, '', '', '', '', '', '', 3, '3100204001.40', 1, 'B', '2013-01-15', '', 128998991.00, 128998991.00, '2019-01-15', '1', '', NULL),
	(76, 2, '2', '-', '99D6377', 1, 'x3250 M3', '', '', 1, 's 10', 0, '', '', '', '', '', '', 3, '3100204001.41', 1, 'B', '2013-01-15', '', 128998991.00, 128998991.00, '2019-01-15', '1', '', NULL),
	(77, 2, '2', '-', '99D6383', 1, 'x3250 M3', '', '', 1, 's 10', 0, '', '', '', '', '', '', 3, '3100204001.42', 1, 'B', '2013-01-15', '', 128998991.00, 128998991.00, '2019-01-15', '1', '', NULL),
	(78, 2, '2', '-', '99D6390', 1, 'x3250 M3', '', '', 1, 's 10', 0, '', '', '', '', '', '', 3, '3100204001.43', 1, 'B', '2013-01-15', '', 128998991.00, 128998991.00, '2019-01-15', '1', '', NULL),
	(79, 2, '2', '-', '99D6376', 1, 'x3250 M3', '', '', 1, 's 10', 0, '', '', '', '', '', '', 3, '3100204001.44', 1, 'B', '2013-01-15', '', 128998991.00, 128998991.00, '2019-01-15', '1', '', NULL),
	(80, 2, '2', '-', '99D6755', 1, 'x3250 M3', '', '', 1, 's 10', 0, '', '', '', '', '', '', 3, '3100204001.45', 1, 'B', '2013-01-15', '', 128998991.00, 128998991.00, '2019-01-15', '1', '', NULL),
	(81, 2, '2', '-', '99D6782', 1, 'x3250 M3', '', '', 1, 's 10', 0, '', '', '', '', '', '', 3, '3100204001.46', 1, 'B', '2013-01-15', '', 128998991.00, 128998991.00, '2019-01-15', '1', '', NULL),
	(82, 2, '2', '-', '99D6796', 1, 'x3250 M3', '', '', 1, 's 10', 0, '', '', '', '', '', '', 3, '3100204001.47', 1, 'B', '2013-01-15', '', 128998991.00, 128998991.00, '2019-01-15', '1', '', NULL),
	(83, 2, '2', 'Familiarisasi Portal', '99D6381', 1, 'x3250 M3', '10.100.88.65', 'portal-familiarisasi', 1, 's 10', 0, '', '', '', '', 'DS5300 SAKTI', '', 3, '3100204001.48', 1, 'B', '2013-01-15', '', 128998991.00, 128998991.00, '2019-01-15', '1', 'Server Kanwil', NULL),
	(84, 0, '', 'KVM', '', 1, 'KVM', '', '', 1, 's 10', 0, '', '', '', '', '', '', 0, '', 0, '', '0000-00-00', '', 0.00, 0.00, '0000-00-00', '', '', NULL),
	(85, 3, '1', 'SAN Controller', '78K0KF3', 1, 'DS5300', '', '', 1, 's 3', 0, '', '', '', '', '', 'storwize', 3, '3100201004.06', 2, 'B', '2014-01-13', '', 4407142186.00, 4407142186.00, '2020-01-13', '1', '', NULL),
	(86, 3, '1', 'Storage Expansion', '78K0KAG', 1, 'Exp5000', '', '', 1, 's 3', 0, '', '', '', '', '', '', 3, '', 0, 'B', '0000-00-00', '', 0.00, 0.00, '0000-00-00', '', '', NULL),
	(87, 3, '1', 'Storage Expansion', '78K0KAA', 1, 'Exp5000', '', '', 1, 's 3', 0, '', '', '', '', '', '', 3, '', 0, 'B', '0000-00-00', '', 0.00, 0.00, '0000-00-00', '', '', NULL),
	(88, 3, '1', 'Storage Expansion', '78K0KAD', 1, 'Exp5000', '', '', 1, 's 3', 0, '', '', '', '', '', '', 3, '', 0, 'B', '0000-00-00', '', 0.00, 0.00, '0000-00-00', '', '', NULL),
	(89, 3, '1', 'Storage Expansion', '78K0KA9', 1, 'Exp5000', '', '', 1, 's 3', 0, '', '', '', '', '', '', 3, '', 0, 'B', '0000-00-00', '', 0.00, 0.00, '0000-00-00', '', '', NULL),
	(90, 3, '1', 'Storage Expansion', '78K0K9R', 1, 'Exp5000', '', '', 1, 's 3', 0, '', '', '', '', '', '', 3, '', 0, 'B', '0000-00-00', '', 0.00, 0.00, '0000-00-00', '', '', NULL),
	(91, 3, '1', 'Storage Expansion', '78K0K9Z', 1, 'Exp5000', '', '', 1, 's 3', 0, '', '', '', '', '', '', 3, '', 0, 'B', '0000-00-00', '', 0.00, 0.00, '0000-00-00', '', '', NULL),
	(92, 3, '1', 'Storage Expansion', '78K0K9Y', 1, 'Exp5000', '', '', 1, 's 3', 0, '', '', '', '', '', '', 3, '', 0, 'B', '0000-00-00', '', 0.00, 0.00, '0000-00-00', '', '', NULL),
	(93, 3, '1', 'Storage Expansion', '78K0K9G', 1, 'Exp5000', '', '', 1, 's 3', 0, '', '', '', '', '', '', 3, '', 0, 'B', '0000-00-00', '', 0.00, 0.00, '0000-00-00', '', '', NULL),
	(94, 3, '1', 'Storage Expansion', '78K0KAF', 1, 'Exp5000', '', '', 1, 's 3', 0, '', '', '', '', '', '', 3, '', 0, 'B', '0000-00-00', '', 0.00, 0.00, '0000-00-00', '', '', NULL),
	(95, 3, '1', 'Storage Expansion', '78K0KA2', 1, 'Exp5000', '', '', 1, 's 3', 0, '', '', '', '', '', '', 3, '', 0, 'B', '0000-00-00', '', 0.00, 0.00, '0000-00-00', '', '', NULL),
	(96, 3, '1', 'Storage Expansion', '78K0K9X', 1, 'Exp5000', '', '', 1, 's 4', 0, '', '', '', '', '', '', 3, '', 0, 'B', '0000-00-00', '', 0.00, 0.00, '0000-00-00', '', '', NULL),
	(97, 3, '1', 'Storage Expansion', '78K0KA8', 1, 'Exp5000', '', '', 1, 's 4', 0, '', '', '', '', '', '', 3, '', 0, 'B', '0000-00-00', '', 0.00, 0.00, '0000-00-00', '', '', NULL),
	(98, 3, '1', 'Storage Expansion', '78K0K9N', 1, 'Exp5000', '', '', 1, 's 4', 0, '', '', '', '', '', '', 3, '', 0, 'B', '0000-00-00', '', 0.00, 0.00, '0000-00-00', '', '', NULL),
	(99, 3, '1', 'Storage Expansion', '78K0KA6', 1, 'Exp5000', '', '', 1, 's 4', 0, '', '', '', '', '', '', 3, '', 0, 'B', '0000-00-00', '', 0.00, 0.00, '0000-00-00', '', '', NULL),
	(100, 3, '0', 'Storage Expansion', '78K0KAC', 1, 'Exp5000', '', '', 1, 's 4', 0, '', '', '', '', '', '', 3, '', 0, 'B', '0000-00-00', '', 0.00, 0.00, '0000-00-00', '', '', NULL),
	(101, 3, '0', 'Storage Expansion', '78K0K9K', 1, 'Exp5000', '', '', 1, 's 4', 0, '', '', '', '', '', '', 3, '', 0, 'B', '0000-00-00', '', 0.00, 0.00, '0000-00-00', '', '', NULL),
	(102, 3, '0', 'Storage Expansion', '78K0K9T', 1, 'Exp5000', '', '', 1, 's 4', 0, '', '', '', '', '', '', 3, '', 0, 'B', '0000-00-00', '', 0.00, 0.00, '0000-00-00', '', '', NULL),
	(103, 3, '0', 'Storage Expansion', '78K0KA5', 1, 'Exp5000', '', '', 1, 's 4', 0, '', '', '', '', '', '', 3, '', 0, 'B', '0000-00-00', '', 0.00, 0.00, '0000-00-00', '', '', NULL),
	(104, 3, '0', 'SAN Controller', '78K0KGL', 1, 'DS5300', '', '', 1, 's 5', 0, '', '', '', '', '', 'storwize', 3, '3100201004.07', 2, 'B', '2014-01-13', '', 4407142186.00, 4407142186.00, '2020-01-13', '1', '', NULL),
	(105, 3, '0', 'Storage Expansion', '78K0K9L', 1, 'Exp5000', '', '', 1, 's 5', 0, '', '', '', '', '', '', 3, '', 0, 'B', '0000-00-00', '', 0.00, 0.00, '0000-00-00', '', '', NULL),
	(106, 3, '0', 'Storage Expansion', '78K0K9W', 1, 'Exp5000', '', '', 1, 's 5', 0, '', '', '', '', '', '', 3, '', 0, 'B', '0000-00-00', '', 0.00, 0.00, '0000-00-00', '', '', NULL),
	(107, 3, '0', 'Storage Expansion', '78K0K9M', 1, 'Exp5000', '', '', 1, 's 5', 0, '', '', '', '', '', '', 3, '', 0, 'B', '0000-00-00', '', 0.00, 0.00, '0000-00-00', '', '', NULL),
	(108, 3, '0', 'Storage Expansion', '78K0K9P', 1, 'Exp5000', '', '', 1, 's 5', 0, '', '', '', '', '', '', 3, '', 0, 'B', '0000-00-00', '', 0.00, 0.00, '0000-00-00', '', '', NULL),
	(109, 3, '0', 'Storage Expansion', '78K0K9V', 1, 'Exp5000', '', '', 1, 's 5', 0, '', '', '', '', '', '', 3, '', 0, 'B', '0000-00-00', '', 0.00, 0.00, '0000-00-00', '', '', NULL),
	(110, 3, '0', 'Storage Expansion', '78K0KA1', 1, 'Exp5000', '', '', 1, 's 5', 0, '', '', '', '', '', '', 3, '', 0, 'B', '0000-00-00', '', 0.00, 0.00, '0000-00-00', '', '', NULL),
	(111, 3, '0', 'Storage Expansion', '78K0KA0', 1, 'Exp5000', '', '', 1, 's 5', 0, '', '', '', '', '', '', 3, '', 0, 'B', '0000-00-00', '', 0.00, 0.00, '0000-00-00', '', '', NULL),
	(112, 3, '0', 'Storage Expansion', '78K0KA7', 1, 'Exp5000', '', '', 1, 's 5', 0, '', '', '', '', '', '', 3, '', 0, 'B', '0000-00-00', '', 0.00, 0.00, '0000-00-00', '', '', NULL),
	(113, 3, '0', 'Storage Expansion', '78K0KA3', 1, 'Exp5000', '', '', 1, 's 5', 0, '', '', '', '', '', '', 3, '', 0, 'B', '0000-00-00', '', 0.00, 0.00, '0000-00-00', '', '', NULL),
	(114, 3, '0', 'Storage Expansion', '78K0KA4', 1, 'Exp5000', '', '', 1, 's 5', 0, '', '', '', '', '', '', 3, '', 0, 'B', '0000-00-00', '', 0.00, 0.00, '0000-00-00', '', '', NULL),
	(115, 3, '1', 'Backup TSM Production', '06D32B5', 1, 'P520', '10.242.6.5', 'DC1G402E01', 1, 's 6', 3, 'AIX', '1 Proc with SMT4', '8 GB', '', 'V7000 Storwize', '', 3, '3100204001.22', 1, 'B', '2011-11-29', '', 272599636.00, 272599636.00, '2017-11-29', '0', '', NULL),
	(116, 3, '1', 'Tape Storage System', '', 1, 'TS3310', '', '', 1, 's 6', 0, '', '', '', '', '', '', 0, '', 0, '', '0000-00-00', '', 0.00, 0.00, '0000-00-00', '', '', NULL),
	(117, 3, '1', 'SAN Controller', '782036P', 1, 'V7000', '', '', 1, 's 7', 0, '', '', '', '', '', 'storwize', 3, '3100201004.12', 2, 'B', '2014-12-16', '', 2870118972.00, 2470654101.00, '2017-12-16', '0', '', NULL),
	(118, 3, '1', 'NAS Controller', '782034L', 1, 'V7000', '', '', 1, 's 7', 0, '', '', '', '', '', '', 3, '3100201004.14', 2, 'B', '2014-12-16', '', 794313743.00, 695024525.00, '2017-12-16', '0', '', NULL),
	(119, 3, '1', 'Storage Expansion', '78204HY', 1, 'Exp7000', '', '', 1, 's 7', 0, '', '', '', '', '', '', 0, '', 0, 'B', '0000-00-00', '', 0.00, 0.00, '0000-00-00', '', '', NULL),
	(120, 3, '1', 'Storage Expansion', '78204LP', 1, 'Exp7000', '', '', 1, 's 7', 0, '', '', '', '', '', '', 0, '', 0, 'B', '0000-00-00', '', 0.00, 0.00, '0000-00-00', '', '', NULL),
	(121, 3, '1', 'Storage Expansion', '78204GW', 1, 'Exp7000', '', '', 1, 's 7', 0, '', '', '', '', '', '', 0, '', 0, 'B', '0000-00-00', '', 0.00, 0.00, '0000-00-00', '', '', NULL),
	(122, 3, '1', 'Storage Expansion', '7823E6K', 1, 'Exp7000', '', '', 1, 's 7', 0, '', '', '', '', '', '', 3, '3100201004.16', 2, 'B', '2016-12-20', '', 734948500.00, 0.00, '2019-11-29', '1', '', NULL),
	(123, 3, '1', 'NAS Controller', '', 1, 'N4000', '', '', 1, 's 7', 0, '', '', '', '', '', '', 0, '', 0, '', '0000-00-00', '', 0.00, 0.00, '0000-00-00', '', '', NULL),
	(124, 3, '1', 'Storage Expansion', '', 1, 'Exp4000', '', '', 1, 's 7', 0, '', '', '', '', '', '', 0, '', 0, '', '0000-00-00', '', 0.00, 0.00, '0000-00-00', '', '', NULL),
	(125, 3, '1', 'Storage Expansion', '', 1, 'Exp4000', '', '', 1, 's 7', 0, '', '', '', '', '', '', 0, '', 0, '', '0000-00-00', '', 0.00, 0.00, '0000-00-00', '', '', NULL),
	(126, 3, '1', 'Storage Expansion', '', 1, 'Exp4000', '', '', 1, 's 7', 0, '', '', '', '', '', '', 0, '', 0, '', '0000-00-00', '', 0.00, 0.00, '0000-00-00', '', '', NULL),
	(127, 3, '1', 'Storage Expansion', '', 1, 'Exp4000', '', '', 1, 's 7', 0, '', '', '', '', '', '', 0, '', 0, '', '0000-00-00', '', 0.00, 0.00, '0000-00-00', '', '', NULL),
	(128, 3, '1', 'Storage Expansion', '7823EED', 1, 'Exp7000', '', '', 1, '8', 0, '', '', '', '', '', '', 3, '3100201004.17', 2, 'B', '2016-12-20', '', 734948500.00, 0.00, '2019-11-29', '1', '', NULL),
	(129, 3, '1', 'Storage Expansion', '7823F3M', 1, 'Exp7000', '', '', 1, '8', 0, '', '', '', '', '', '', 0, '', 0, '', '0000-00-00', '', 0.00, 0.00, '0000-00-00', '', '', NULL),
	(130, 3, '1', 'Storage Expansion', '7823F1W', 1, 'Exp7000', '', '', 1, '8', 0, '', '', '', '', '', '', 0, '', 0, '', '0000-00-00', '', 0.00, 0.00, '0000-00-00', '', '', NULL),
	(131, 3, '1', 'Storage Expansion', '7823F3B', 1, 'Exp7000', '', '', 1, '8', 0, '', '', '', '', '', '', 0, '', 0, '', '0000-00-00', '', 0.00, 0.00, '0000-00-00', '', '', NULL),
	(132, 3, '1', 'Storage Expansion', '7824Y5A', 1, 'Exp7000', '', '', 1, '8', 0, '', '', '', '', '', '', 0, '', 0, '', '0000-00-00', '', 0.00, 0.00, '0000-00-00', '', '', NULL),
	(133, 3, '1', 'Storage Expansion', '7824Y4E', 1, 'Exp7000', '', '', 1, '8', 0, '', '', '', '', '', '', 0, '', 0, '', '0000-00-00', '', 0.00, 0.00, '0000-00-00', '', '', NULL),
	(134, 3, '0', 'Application 1 Development & QA', '063C3C5', 1, 'IBM P520', '10.242.5.172', 'DC1H110E03', 1, '10', 3, 'AIX', '2 Proc with SMT2', '4 GB', '', 'V7000 Storwize', '', 3, '3100204001.74', 1, 'B', '2014-01-13', '', 139740603.00, 139740603.00, '2020-01-13', '1', '', NULL),
	(135, 3, '0', 'Application 2 Development & QA', '063C3E5', 1, 'IBM P520', '10.242.5.174', 'DC1H102E01', 1, '10', 3, 'AIX', '2 Proc with SMT2', '4 GB', '', 'V7000 Storwize', '', 3, '3100204001.73', 1, 'B', '2014-01-13', '', 139740603.00, 139740603.00, '2020-01-13', '1', '', NULL),
	(136, 3, '0', 'Concurent Manager Development & QA', '06D32B5', 1, 'IBM P520', '10.242.5.62', 'DC1H132E07', 1, '10', 3, 'AIX', '2 Proc with SMT2', '16 GB', '', 'V7000 Storwize', '', 0, '', 0, '', '0000-00-00', '', 0.00, 0.00, '0000-00-00', '', '', NULL),
	(137, 3, '0', 'Xico Server Interface Development & QA', '06D3345', 1, 'IBM P520', '10.242.7.55', 'DC1H121E06', 1, '10', 3, 'AIX', '1 Proc with SMT2', '8 GB', '', 'V7000 Storwize', '', 3, '3100204001.76', 1, 'B', '2014-01-13', '', 96811457.00, 96811457.00, '2020-01-13', '1', '', NULL),
	(138, 3, '0', 'Database 1 QA', '063C385', 1, 'IBM P520', '10.242.5.52', 'DC1H114E04', 1, '10', 3, 'AIX', '2 Proc with SMT2', '8 GB', '', 'V7000 Storwize', 'oracle', 3, '3100204001.72', 1, 'B', '2014-01-13', '', 139740603.00, 139740603.00, '2020-01-13', '1', '', NULL),
	(139, 3, '0', 'Database 2 QA', '063C3A5', 1, 'IBM P520', '10.242.5.54', 'DC1H106E02', 1, '10', 3, 'AIX', '2 Proc with SMT2', '8 GB', '', 'V7000 Storwize', 'oracle', 3, '3100204001.75', 1, 'B', '2014-01-13', '', 139740603.00, 139740603.00, '2020-01-13', '1', '', NULL),
	(140, 0, '', 'KVM', '', 1, 'KVM', '', '', 1, '10', 0, '', '', '', '', '', '', 0, '', 0, '', '0000-00-00', '', 0.00, 0.00, '0000-00-00', '', '', NULL),
	(141, 3, '1', 'Xico Server Interface 1 Production ', '06D3675', 1, 'IBM P570', '10.242.7.5 ', 'DC1H215E02', 1, '11', 3, 'AIX', '2 Proc with SMT2', '30 GB', '', 'V7000 Storwize', '', 3, '3100204001.70', 1, 'B', '2014-01-13', '', 1943950820.00, 1943950820.00, '2020-01-13', '1', '', NULL),
	(142, 3, '1', 'Xico Server Interface 2 Production ', '06D3615', 1, 'IBM P570', '10.242.7.13 ', 'DC1H206E01', 1, '11', 3, 'AIX', '2 Proc with SMT2', '30 GB', '', 'V7000 Storwize', '', 3, '3100204001.69', 1, 'B', '2014-01-13', '', 1943950820.00, 1943950820.00, '2020-01-13', '1', '', NULL),
	(143, 3, '0', 'Database 1 Development', '06D3665', 1, 'IBM P570', '10.242.5.12', 'DC1H233E04', 1, '11', 3, 'AIX', '4 Proc with SMT2', '34 GB', '', 'V7000 Storwize', 'oracle', 3, '3100204001.66', 1, 'B', '2014-01-13', '', 2922933835.00, 2922933835.00, '2020-01-13', '1', '', NULL),
	(144, 3, '0', 'Database 2 Development', '06D3655', 1, 'IBM P570', '10.242.5.14', 'DC1H224E03', 1, '11', 3, 'AIX', '4 Proc with SMT2', '34 GB', '', 'V7000 Storwize', 'oracle', 3, '3100204001.67', 1, 'B', '2014-01-13', '', 2922933835.00, 2922933835.00, '2020-01-13', '1', '', NULL),
	(145, 0, '', 'KVM', '', 1, 'KVM', '', '', 1, '11', 0, '', '', '', '', '', '', 0, '', 0, '', '0000-00-00', '', 0.00, 0.00, '0000-00-00', '', '', NULL),
	(146, 3, '1', 'Application 2 Production ', '2145FFV', 1, 'IBM P750', '10.242.11.52 ', 'DC1H312V01', 1, '12', 3, 'AIX', '11 Proc with SMT4', '88 GB', '', 'V7000 Storwize', '', 3, '3100204001.90', 1, 'B', '2014-12-16', '', 1834535468.00, 1605218535.00, '2017-12-16', '0', '', NULL),
	(147, 3, '1', 'Database 2 Production ', '2145FEV', 1, 'IBM P750', '10.242.1.16 ', 'DC1H325E01', 1, '12', 3, 'AIX', '30 Proc with SMT4', '420 GB', '', 'V7000 Storwize', 'oracle', 3, '3100204001.86', 1, 'B', '2014-12-16', '', 2568365893.00, 2247320157.00, '2017-12-16', '0', '', NULL),
	(148, 0, '', 'KVM', '', 1, 'KVM', '', '', 1, '12', 0, '', '', '', '', '', '', 0, '', 0, '', '0000-00-00', '', 0.00, 0.00, '0000-00-00', '', '', NULL),
	(149, 3, '1', 'Application 1 , Xico Com Production ', '2145FDV', 1, 'IBM P750', '10.242.11.51 ', 'DC1H412V01', 1, '13', 3, 'AIX', '11 Proc with SMT4', '88 GB', '', 'V7000 Storwize', '', 3, '3100204001.89', 1, 'B', '2014-12-16', '', 1834535468.00, 1605218535.00, '2017-12-16', '0', '', NULL),
	(150, 3, '1', 'Database 1 Production ', '2145FCV', 1, 'IBM P750', '10.242.1.14 ', 'DC1H425E01', 1, '13', 3, 'AIX', '30 Proc with SMT4', '420 GB', '', 'V7000 Storwize', 'oracle', 3, '3100204001.85', 1, 'B', '2014-12-16', '', 2568365893.00, 2247320157.00, '2017-12-16', '0', '', NULL),
	(151, 0, '', 'KVM', '', 1, 'KVM', '', '', 1, '13', 0, '', '', '', '', '', '', 0, '', 0, '', '0000-00-00', '', 0.00, 0.00, '0000-00-00', '', '', NULL),
	(152, 3, '1', 'Database 1 Prod 2019', '6879F8X', 1, 'IBM P850', '', '', 1, '14', 0, '', '', '', '', '', '', 0, '', 0, '', '0000-00-00', '2018', 0.00, 0.00, '0000-00-00', '', 'server baru 2018', NULL),
	(153, 3, '1', 'Database 2 Prod 2019', '6879F9X', 1, 'IBM P850', '', '', 1, '14', 0, '', '', '', '', '', '', 0, '', 0, '', '0000-00-00', '2018', 0.00, 0.00, '0000-00-00', '', 'server baru 2018', NULL),
	(154, 0, '', 'KVM', '', 1, 'KVM', '', '', 0, '', 0, '', '', '', '', '', '', 0, '', 0, '', '0000-00-00', '', 0.00, 0.00, '0000-00-00', '', '', NULL),
	(155, 5, '', 'Consurent Manager 1 Production', '', 0, '', '10.242.1.18', 'DC1H412V02', 0, '', 3, 'AIX', '15 Proc with SMT4', '150 GB', '', 'V7000 Storwize', '', 0, '', 0, '', '0000-00-00', '', 0.00, 0.00, '0000-00-00', '', '', NULL),
	(156, 5, '', 'Consurent Manager 2 Production', '', 0, '', '10.242.1.19', 'DC1H312V02', 0, '', 3, 'AIX', '15 Proc with SMT4', '150 GB', '', 'V7000 Storwize', '', 0, '', 0, '', '0000-00-00', '', 0.00, 0.00, '0000-00-00', '', '', NULL),
	(157, 5, '', 'Storage SAN Production', '', 0, '', 'Storwize V7000', 'V7000SPANDC', 0, '', 0, '', 'n/a', 'n/a', '', 'V7000 Storwize', '', 0, '', 0, '', '0000-00-00', '', 0.00, 0.00, '0000-00-00', '', '', NULL),
	(158, 5, '', 'Storage NAS Prod dan Dev', '', 0, '', 'Unified V7000', 'n/a', 0, '', 0, '', 'n/a', 'n/a', '', 'V7000 Storwize', '', 0, '', 0, '', '0000-00-00', '', 0.00, 0.00, '0000-00-00', '', '', NULL),
	(159, 5, '', 'Storage Prod dan Dev, QA', '', 0, '', 'DS 5300', 'n/a', 0, '', 0, '', 'n/a', 'n/a', '', 'V7000 Storwize', '', 0, '', 0, '', '0000-00-00', '', 0.00, 0.00, '0000-00-00', '', '', NULL),
	(160, 5, '', 'P7 (Staging dari prod untuk E-Rekon dan SLDK)', '', 0, '', '10.242.231.160', 'spanuat', 0, '', 3, 'AIX', '32 Proc with SMT4', '216 GB', '', 'V7000 Unified Non SPAN', '', 1, '', 0, '', '0000-00-00', '', 0.00, 0.00, '0000-00-00', '', '', NULL),
	(161, 5, '', 'P8 (Akses BPK, Itjen)', '', 0, '', '10.242.229.101', 'DC0K1133E04', 0, '', 3, 'AIX', '12 Proc with SMT4', '120 GB', '', 'V9000 Pusintek', '', 2, '', 0, '', '0000-00-00', '', 0.00, 0.00, '0000-00-00', '', '', NULL),
	(162, 2, '', 'Server Backup / Dev / UT', '', 1, 'IBM x3690 X5', '10.100.93.147', '', 0, '', 0, '', '', '', '', 'DS5300 SAKTI', '', 0, '', 0, '', '0000-00-00', '', 0.00, 0.00, '0000-00-00', '', 'test openshift', NULL),
	(163, 2, '', 'Server Konverter Trn (UAT)', '', 1, 'IBM X250 M3', '10.100.88.57', '', 0, '', 0, '', '', '', '', 'DS5300 SAKTI', '', 0, '', 0, '', '0000-00-00', '', 0.00, 0.00, '0000-00-00', '', 'Server Kanwil', NULL),
	(164, 2, '', 'Server SMS Gateway Trn (UAT)', '', 1, 'IBM X250 M3', '10.100.88.59', '', 0, '', 0, '', '', '', '', 'DS5300 SAKTI', '', 0, '', 0, '', '0000-00-00', '', 0.00, 0.00, '0000-00-00', '', 'Server Kanwil', NULL),
	(165, 1, '3', 'Aplikasi Biller Interface#1', '', 0, 'Server VM', '10.243.4.15', 'app1mpn2', 0, '', 1, 'RHEL 6.2', '2 vCPU', '6 GB', '250 GB ', 'VMQemu di IBM HS22#1', '', 0, '', 0, '', '0000-00-00', '', 0.00, 0.00, '0000-00-00', '', '', NULL),
	(166, 1, '3', 'Aplikasi Settlement #1', '', 0, 'Server VM', '10.243.4.16', 'app1mpn2', 0, '', 1, 'RHEL 6.2', '2 vCPU', '6 GB', '250 GB ', 'VMQemu di IBM HS22#1', '', 0, '', 0, '', '0000-00-00', '', 0.00, 0.00, '0000-00-00', '', '', NULL),
	(167, 1, '3', 'Aplikasi Settlement #2', '', 0, 'Server VM', '10.243.4.17', 'app1mpn2', 0, '', 1, 'RHEL 6.2', '2 vCPU', '6 GB', '250 GB ', 'VMQemu di IBM HS22#1', '', 0, '', 0, '', '0000-00-00', '', 0.00, 0.00, '0000-00-00', '', '', NULL),
	(168, 1, '3', 'Aplikasi Settlement #3', '', 0, 'Server VM', '10.243.4.18', 'app2mpn2', 0, '', 1, 'RHEL 6.2', '2 vCPU', '6 GB', '250 GB ', 'VMQemu di IBM HS22#2', '', 0, '', 0, '', '0000-00-00', '', 0.00, 0.00, '0000-00-00', '', '', NULL),
	(169, 1, '3', 'Aplikasi Settlement #4', '', 0, 'Server VM', '10.243.4.19', 'app2mpn2', 0, '', 1, 'RHEL 6.2', '2 vCPU', '6 GB', '250 GB ', 'VMQemu di IBM HS22#2', '', 0, '', 0, '', '0000-00-00', '', 0.00, 0.00, '0000-00-00', '', '', NULL),
	(170, 1, '3', 'Aplikasi Settlement #5', '', 0, 'Server VM', '10.243.4.20', 'app2mpn2', 0, '', 1, 'RHEL 6.2', '2 vCPU', '6 GB', '250 GB ', 'VMQemu di IBM HS22#2', '', 0, '', 0, '', '0000-00-00', '', 0.00, 0.00, '0000-00-00', '', '', NULL),
	(172, 1, '1', 'Database Rekonsiliasi', 'J0P16Z1', 2, 'Dell PE R720', '10.242.143.65', 'DC0I6U14E06', 2, 'I 06', 0, '', '', '', '', '', '', 0, '', 0, '', '0000-00-00', '', 0.00, 0.00, '0000-00-00', '', '', NULL),
	(173, 1, '1', 'Aplikasi Rekonsiliasi', '9DP16Z1', 2, 'Dell PE R720', '10.242.143.68', 'DC0I6U20E09', 2, 'I 06', 1, 'OL6.7', 'intel® Xeon® CPU E5-2650 v2@2.60 GHz (2 x 8 Core)', '64 GB', '2 TB', 'internal storage', '', 0, '', 0, '', '0000-00-00', '', 0.00, 0.00, '0000-00-00', '', '', NULL),
	(174, 1, '1', 'Aplikasi Switcher #1', 'G0P16Z1', 2, 'Dell PE R720', '10.242.143.60', 'DC0I6U04E01', 2, 'I 06', 2, 'Win2008', 'intel® Xeon® CPU E5-2650 v2@2.60 GHz (2 x 8 Core)', '32 GB', '2TB+1TB', 'SAN Dell Comp SC200', '', 0, '', 0, '', '0000-00-00', '', 0.00, 0.00, '0000-00-00', '', '', NULL),
	(175, 1, '1', 'Aplikasi Switcher #2', '83P16Z1', 2, 'Dell PE R720', '10.242.143.61', 'DC0I6U06E02', 2, 'I 06', 2, 'Win2008', 'intel® Xeon® CPU E5-2650 v2@2.60 GHz (2 x 8 Core)', '32 GB', '2TB+1TB', 'SAN Dell Comp SC200', '', 0, '', 0, '', '0000-00-00', '', 0.00, 0.00, '0000-00-00', '', '', NULL),
	(176, 1, '1', 'Aplikasi Switcher #3', '90P16Z1', 2, 'Dell PE R720', '10.242.143.62', 'DC0I6U08E03', 2, 'I 06', 2, 'Win2008', 'intel® Xeon® CPU E5-2650 v2@2.60 GHz (2 x 8 Core)', '32 GB', '2TB+1TB', 'SAN Dell Comp SC200', '', 0, '', 0, '', '0000-00-00', '', 0.00, 0.00, '0000-00-00', '', '', NULL),
	(177, 1, '1', 'Aplikasi Switcher #4', ' C0P16Z1', 2, 'Dell PE R720', '10.242.143.63', 'DC0I6U10E04', 2, 'I 06', 2, 'Win2008', 'intel® Xeon® CPU E5-2650 v2@2.60 GHz (2 x 8 Core)', '32 GB', '2TB+1TB', 'SAN Dell Comp SC200', '', 0, '', 0, '', '0000-00-00', '', 0.00, 0.00, '0000-00-00', '', '', NULL),
	(178, 1, '1', 'Aplikasi Switcher #5', ' 21P16Z1', 2, 'Dell PE R720', '10.242.143.64', 'DC0I6U12E05', 2, 'I 06', 2, 'Win2008', 'intel® Xeon® CPU E5-2650 v2@2.60 GHz (2 x 8 Core)', '32 GB', '2TB+1TB', 'SAN Dell Comp SC200', '', 0, '', 0, '', '0000-00-00', '', 0.00, 0.00, '0000-00-00', '', '', NULL),
	(179, 1, '1', 'Aplikasi Switcher #6', '06HFNYX', 3, 'Lenovo X3650 M5', '10.242.143.79', 'WIN-3P3I142MQJM', 2, 'I 06', 2, 'Win2012', 'intel® Xeon® CPU E5-2650 v2@2.40 GHz (2 x 8 Core)', '96 GB', '600 GB', 'internal storage', '', 0, '', 0, '', '0000-00-00', '', 0.00, 0.00, '0000-00-00', '', '', NULL),
	(180, 1, '1', 'Aplikasi Switcher #7', '06HFNZC', 3, 'Lenovo X3650 M5', '10.242.143.80', 'WINDOWS-RCP30P0', 2, 'I 06', 2, 'Win2012', 'intel® Xeon® CPU E5-2650 v2@2.40 GHz (2 x 8 Core)', '96 GB', '600 GB', 'internal storage', '', 0, '', 0, '', '0000-00-00', '', 0.00, 0.00, '0000-00-00', '', '', NULL),
	(181, 1, '1', 'Aplikasi Switcher #8', '06HFNYT', 3, 'Lenovo X3650 M5', '10.242.143.81', 'WIN-DT8C2RV6ANA', 2, 'I 06', 2, 'Win2012', 'intel® Xeon® CPU E5-2650 v2@2.40 GHz (2 x 8 Core)', '96 GB', '600 GB', 'internal storage', '', 0, '', 0, '', '0000-00-00', '', 0.00, 0.00, '0000-00-00', '', '', NULL),
	(182, 1, '1', 'Database Switcher', '63P16Z1', 2, 'Dell PE R720', '10.242.143.66', 'DC0I6U16E07', 2, 'I 06', 2, 'Win2008', 'intel® Xeon® CPU E5-2650 v2@2.60 GHz (2 x 8 Core)', '32 GB', '2TB+5TB', 'SAN Dell Comp SC200', '', 0, '', 0, '', '0000-00-00', '', 0.00, 0.00, '0000-00-00', '', '', NULL),
	(183, 1, '1', 'Database OLAP ', 'BDP16Z1', 2, 'Dell PE R720', '10.242.143.67', 'DC0I6U18E08', 2, 'I 06', 1, 'RHEL', 'intel® Xeon® CPU E5-2650 v2@2.60 GHz (2 x 8 Core)', '64 GB', '5 TB', 'internal storage', 'Oracle', 0, '', 0, '', '0000-00-00', '', 0.00, 0.00, '0000-00-00', '', '', NULL),
	(184, 1, '1', 'Database OLAPR', '06HFNZA', 3, 'Lenovo X3650 M5', '10.242.143.73', 'olap2mpn', 2, 'I 06', 1, 'OL6.7', 'intel® Xeon® CPU E5-2650 v2@2.60 GHz (2 x 6 Core)', '96 GB', '600GB+200GB+1.5TB', 'SAN V7000', 'Oracle', 0, '', 0, '', '0000-00-00', '', 0.00, 0.00, '0000-00-00', '', '', NULL),
	(185, 0, '', 'KVM', '', 0, 'KVM', '', '', 0, '', 0, '', '', '', '', '', '', 0, '', 0, '', '0000-00-00', '', 0.00, 0.00, '0000-00-00', '', '', NULL),
	(186, 0, '', 'Development', 'MA6T009439', 4, 'Fujitsu Primergy RX300 S6 #0', '10.242.143.163', '', 2, 'I 01', 0, '', '', '', '', '', '', 1, '3100204001.511', 1, 'B', '2010-12-23', '', 0.00, 0.00, '0000-00-00', '', '', NULL),
	(187, 0, '', 'Web Intra Perbendaharaan', 'MA6T009440', 4, 'Fujitsu Primergy RX300 S6 #1', '10.242.143.164', '', 2, 'I 01', 0, '', '', '', '', '', '', 1, '3100204001.512', 1, 'B', '2010-12-23', '', 0.00, 0.00, '0000-00-00', '', '', NULL),
	(188, 0, '', 'Development', 'MA6T009441', 4, 'Fujitsu Primergy RX300 S6 #2', '10.242.143.165', '', 2, 'I 01', 0, '', '', '', '', '', '', 1, '3100204001.513', 1, 'B', '2010-12-23', '', 0.00, 0.00, '0000-00-00', '', '', NULL),
	(189, 0, '', 'Development', '', 4, 'Fujitsu Primequest 1800 E', '10.242.143.162', '', 2, 'I 01', 0, '', '', '', '', '', '', 1, '', 0, '', '0000-00-00', '', 0.00, 0.00, '0000-00-00', '', '', NULL),
	(190, 0, '', 'DB Dukungan MPN', '1491046001', 4, 'Fujitsu Primequest 1800 E', '10.242.143.161', '', 2, 'I 01', 0, '', '', '', '', '', '', 1, '3100204001.510', 1, 'B', '2010-12-23', '', 0.00, 0.00, '0000-00-00', '', '', NULL),
	(191, 0, '', 'MFTP', '', 0, 'Dell  EMC (Axway 6710)', '10.242.143.181', '', 2, 'I 01', 0, '', '', '', '', '', '', 0, '', 0, '', '0000-00-00', '', 0.00, 0.00, '0000-00-00', '', '', NULL),
	(192, 0, '', 'MFTP', '', 0, 'Dell  EMC (Axway 6710)', '10.242.143.182', '', 2, 'I 01', 0, '', '', '', '', '', '', 0, '', 0, '', '0000-00-00', '', 0.00, 0.00, '0000-00-00', '', '', NULL),
	(193, 0, '', 'MFTP', '', 0, 'Dell  EMC (Axway 6710)', '10.242.143.183', '', 2, 'I 01', 0, '', '', '', '', '', '', 0, '', 0, '', '0000-00-00', '', 0.00, 0.00, '0000-00-00', '', '', NULL),
	(194, 0, '', 'MFTP', '', 0, 'Dell  EMC (Axway 6710)', '10.242.143.184', '', 2, 'I 01', 0, '', '', '', '', '', '', 0, '', 0, '', '0000-00-00', '', 0.00, 0.00, '0000-00-00', '', '', NULL),
	(195, 0, '', 'KVM', '', 0, 'KVM', '', '', 0, '', 0, '', '', '', '', '', '', 0, '', 0, '', '0000-00-00', '', 0.00, 0.00, '0000-00-00', '', '', NULL),
	(196, 0, '', 'Backup OLTP', 'BCF074203N', 4, 'Fujitsu SPARC Enterprise M5000', '10.242.143.25', '', 2, 'I 02', 0, '', '', '', '', '', '', 1, '3100204001.165', 1, 'B', '2007-12-17', '', 0.00, 0.00, '0000-00-00', '', '', NULL),
	(197, 0, '', 'Appsver_01', 'BCF074505J', 4, 'Fujitsu SPARC Enterprise M5000', '10.242.143.21', '', 2, 'I 02', 0, '', '', '', '', '', '', 1, '3100204001.166', 1, 'B', '2007-12-17', '', 0.00, 0.00, '0000-00-00', '', '', NULL),
	(198, 1, '', 'Eks Epay / Backup Solaris', 'BCF074504U', 4, 'Fujitsu SPARC Enterprise M4000', '10.242.143.34', '843abc35', 2, 'I 02', 0, '', '8 Core', '32 GB', '', 'internal storage', '', 1, '3100204001.167', 1, 'B', '2007-12-17', '', 0.00, 0.00, '0000-00-00', '', '', NULL),
	(199, 0, '', 'KVM', '', 0, 'KVM', '', '', 0, '', 0, '', '', '', '', '', '', 0, '', 0, '', '0000-00-00', '', 0.00, 0.00, '0000-00-00', '', '', NULL),
	(200, 0, '', 'MPN 09, DIPA 09', 'YK7S015669', 4, 'Fujitsu Primergy BX600S3', '10.242.143.52', '', 2, 'I 03', 0, '', '', '', '', '', '', 1, '3100204001.160', 1, 'B', '2007-12-17', '', 0.00, 0.00, '0000-00-00', '', '', NULL),
	(201, 0, '', 'Eks Epay point', 'YK7S015683', 4, 'Fujitsu Primergy BX600S3', '10.242.143.17', '', 2, 'I 03', 0, '', '', '', '', '', '', 0, '', 0, '', '0000-00-00', '', 0.00, 0.00, '0000-00-00', '', '', NULL),
	(202, 0, '', 'Mirorring DIPA', 'YK7S015919', 4, 'Fujitsu Primergy BX600S3', '10.242.143.171', '', 2, 'I 03', 0, '', '', '', '', '', '', 1, '3100204001.161', 1, 'B', '2007-12-17', '', 0.00, 0.00, '0000-00-00', '', '', NULL),
	(203, 0, '', 'Scheduler & Uploader', 'YK7S003683', 4, 'Fujitsu Primergy BX600S3', '10.242.143.14', '', 2, 'I 03', 0, '', '', '', '', '', '', 1, '3100204001.162', 1, 'B', '2007-12-17', '', 0.00, 0.00, '0000-00-00', '', '', NULL),
	(204, 0, '', 'Scheduler & Uploader', 'YK7S003684', 4, 'Fujitsu Primergy BX600S3', '10.242.143.53', '', 2, 'I 03', 0, '', '', '', '', '', '', 1, '3100204001.163', 1, 'B', '2007-12-17', '', 0.00, 0.00, '0000-00-00', '', '', NULL),
	(205, 0, '', 'Akpus Dit. APK (eks)', 'YK7S003685', 4, 'Fujitsu Primergy BX600S3', '10.242.143.18', '', 2, 'I 03', 0, '', '', '', '', '', '', 0, '', 0, '', '0000-00-00', '', 0.00, 0.00, '0000-00-00', '', '', NULL),
	(206, 0, '', 'Sakun Dit. APK (eks)', 'YK7S003686', 4, 'Fujitsu Primergy BX600S3', '10.242.143.19', '', 2, 'I 03', 0, '', '', '', '', '', '', 0, '', 0, '', '0000-00-00', '', 0.00, 0.00, '0000-00-00', '', '', NULL),
	(207, 0, '', 'Hyper V (VM-SMI & VM-BLU)', 'YK7S003687', 4, 'Fujitsu Primergy BX600S3', '10.242.143.20', '', 2, 'I 03', 0, '', '', '', '', '', '', 0, '', 0, '', '0000-00-00', '', 0.00, 0.00, '0000-00-00', '', '', NULL),
	(208, 0, '', 'Replikasi MySQL', 'YK7S015672', 4, 'Fujitsu Primergy BX600S3', '10.242.143.54', '', 2, 'I 03', 0, '', '', '', '', '', '', 1, '3100204001.164', 1, 'B', '2007-12-17', '', 0.00, 0.00, '0000-00-00', '', '', NULL),
	(209, 0, '', ' ', 'YK7S015673', 4, 'Fujitsu Primergy BX600S3', '10.242.143.55', '', 2, 'I 03', 0, '', '', '', '', '', '', 0, '', 0, '', '0000-00-00', '', 0.00, 0.00, '0000-00-00', '', '', NULL),
	(210, 0, '', 'OLTP / DB02', 'BCF074504V', 4, 'Fujitsu SPARC Enterprise M5000', '10.242.143.23', '', 2, 'I 03', 0, '', '', '', '', '', '', 1, '3100204001.168', 1, 'B', '2007-12-17', '', 0.00, 0.00, '0000-00-00', '', '', NULL),
	(211, 0, '', 'OLAP / DB01', 'BCF0741039', 4, 'Fujitsu SPARC Enterprise M5000', '10.242.143.24', '', 2, 'I 03', 0, '', '', '', '', '', '', 1, '3100204001.169', 1, 'B', '2007-12-17', '', 0.00, 0.00, '0000-00-00', '', '', NULL),
	(212, 0, '', 'KVM', '', 0, 'KVM', '', '', 0, '', 0, '', '', '', '', '', '', 0, '', 0, '', '0000-00-00', '', 0.00, 0.00, '0000-00-00', '', '', NULL),
	(213, 0, '', 'Storage Area Network', '4040744001', 4, 'SAN Fujitsu Eternus 4000', '', '', 2, 'I 04', 0, '', '', '', '', '', '', 1, '3100204001.190', 1, 'B', '2008-12-17', '', 0.00, 0.00, '0000-00-00', '', '', NULL),
	(214, 0, '', 'Storage Area Network', '4040745001', 4, 'SAN Fujitsu Eternus 4000', '', '', 2, 'I 04', 0, '', '', '', '', '', '', 0, '', 0, '', '0000-00-00', '', 0.00, 0.00, '0000-00-00', '', '', NULL),
	(215, 6, '', 'Chasis/Controller', '06CVZGF', 1, 'Chasis IBM Flex System', '10.242.231.24', '', 2, 'D12', 0, '', '', '', '', '', 'Vsphere', 0, '', 0, '', '0000-00-00', '', 0.00, 0.00, '0000-00-00', '', '', NULL),
	(216, 6, '', 'Host Vsphere', '06CZCWL', 1, 'IBM Flex System x240', '10.242.231.35', '', 2, 'D12', 0, '', '', '', '', '', '', 0, '', 0, '', '0000-00-00', '', 0.00, 0.00, '0000-00-00', '', '', NULL),
	(217, 6, '', 'Host Vsphere', '06CZCWP', 1, 'IBM Flex System x240', '10.242.231.36', '', 2, 'D12', 0, '', '', '', '', '', '', 0, '', 0, '', '0000-00-00', '', 0.00, 0.00, '0000-00-00', '', '', NULL),
	(218, 6, '', 'Host Vsphere', '06CZCWF', 1, 'IBM Flex System x240', '10.242.231.37', '', 2, 'D12', 0, '', '', '', '', '', '', 0, '', 0, '', '0000-00-00', '', 0.00, 0.00, '0000-00-00', '', '', NULL),
	(219, 6, '', 'Host Vsphere', '06CZCWG', 1, 'IBM Flex System x240', '10.242.231.38', '', 2, 'D12', 0, '', '', '', '', '', '', 0, '', 0, '', '0000-00-00', '', 0.00, 0.00, '0000-00-00', '', '', NULL),
	(220, 6, '', 'Host Vsphere', '06CZCWA', 1, 'IBM Flex System x240', '10.242.231.43', '', 2, 'D12', 0, '', '', '', '', '', '', 0, '', 0, '', '0000-00-00', '', 0.00, 0.00, '0000-00-00', '', '', NULL),
	(221, 6, '', 'Host Vsphere', 'J33KRYZ', 3, 'Lenovo Flex System x240 M5', '10.242.231.46', '', 2, 'D12', 0, '', '', '', '', '', '', 0, '', 0, '', '0000-00-00', '', 0.00, 0.00, '0000-00-00', '', '', NULL),
	(222, 6, '', 'TSM', '06CZCVZ', 1, 'IBM Flex System x240', '10.242.231.45', '', 2, 'D12', 0, '', '', '', '', '', '', 0, '', 0, '', '0000-00-00', '', 0.00, 0.00, '0000-00-00', '', '', NULL),
	(223, 6, '', 'Host Vsphere', 'J324WFC', 3, 'Lenovo Flex System x240 M5', '10.242.231.40', '', 2, 'D12', 0, '', '', '', '', '', '', 3, '3100204001.93', 1, 'B', '2016-12-20', '', 550000000.00, 0.00, '2019-11-19', '1', '', NULL),
	(224, 6, '', 'Host Vsphere', 'J3005H59', 3, 'Lenovo Flex System SN850', '10.242.231.240', '', 2, 'D12', 0, '', '', '', '', '', '', 0, '', 0, '', '0000-00-00', '', 0.00, 0.00, '0000-00-00', '', '', NULL),
	(225, 6, '', 'Chasis/Controller', '06CVZGE', 1, 'Chasis IBM Flex System', '10.242.231.23', '', 2, 'D12', 0, '', '', '', '', '', 'Vsphere', 0, '', 0, '', '0000-00-00', '', 0.00, 0.00, '0000-00-00', '', '', NULL),
	(226, 6, '', 'Host Vsphere', '06CZCWK', 1, 'IBM Flex System x240', '10.242.231.31', '', 2, 'D12', 0, '', '', '', '', '', '', 0, '', 0, '', '0000-00-00', '', 0.00, 0.00, '0000-00-00', '', '', NULL),
	(227, 6, '', 'Host Vsphere', '06CZCWD', 1, 'IBM Flex System x240', '10.242.231.32', '', 2, 'D12', 0, '', '', '', '', '', '', 0, '', 0, '', '0000-00-00', '', 0.00, 0.00, '0000-00-00', '', '', NULL),
	(228, 6, '', 'Host Vsphere', '06CZCWM', 1, 'IBM Flex System x240', '10.242.231.33', '', 2, 'D12', 0, '', '', '', '', '', '', 0, '', 0, '', '0000-00-00', '', 0.00, 0.00, '0000-00-00', '', '', NULL),
	(229, 6, '', 'Host Vsphere', '06CZCWN', 1, 'IBM Flex System x240', '10.242.231.34', '', 2, 'D12', 0, '', '', '', '', '', '', 0, '', 0, '', '0000-00-00', '', 0.00, 0.00, '0000-00-00', '', '', NULL),
	(230, 6, '', 'Host Vsphere', '06CZCWT', 1, 'IBM Flex System x240', '10.242.231.41', '', 2, 'D12', 0, '', '', '', '', '', '', 0, '', 0, '', '0000-00-00', '', 0.00, 0.00, '0000-00-00', '', '', NULL),
	(231, 6, '', 'Host Vsphere', '06CZCWB', 1, 'IBM Flex System x240', '10.242.231.42', '', 2, 'D12', 0, '', '', '', '', '', '', 0, '', 0, '', '0000-00-00', '', 0.00, 0.00, '0000-00-00', '', '', NULL),
	(232, 6, '', 'Host Vsphere', 'J324WFD', 3, 'Lenovo Flex System x240 M5', '10.242.231.39', '', 2, 'D12', 0, '', '', '', '', '', '', 3, '3100204001.93', 1, 'B', '2016-12-20', '', 550000000.00, 0.00, '2019-11-19', '1', '', NULL),
	(233, 6, '', 'Host Vsphere', 'J3005H58', 3, 'Lenovo Flex System SN850', '10.242.231.241', '', 2, 'D12', 0, '', '', '', '', '', '', 0, '', 0, '', '0000-00-00', '', 0.00, 0.00, '0000-00-00', '', '', NULL),
	(234, 6, '', 'Host Vsphere', 'J3005H57', 3, 'Lenovo Flex System SN850', '10.242.231.242', '', 2, 'D12', 0, '', '', '', '', '', '', 0, '', 0, '', '0000-00-00', '', 0.00, 0.00, '0000-00-00', '', '', NULL),
	(235, 0, '', 'Storage Expansion', '7820ENW', 1, 'V7000 Expansion', '', '', 2, 'D12', 0, '', '', '', '', '', '', 0, '', 0, '', '0000-00-00', '', 0.00, 0.00, '0000-00-00', '', '', NULL),
	(236, 0, '', 'Storage Expansion', '782227Y', 1, 'V7000 Expansion', '', '', 2, 'D12', 0, '', '', '', '', '', '', 0, '', 0, '', '0000-00-00', '', 0.00, 0.00, '0000-00-00', '', '', NULL),
	(237, 0, '', 'Storage Expansion', '782227E', 1, 'V7000 Expansion', '', '', 2, 'D12', 0, '', '', '', '', '', '', 0, '', 0, '', '0000-00-00', '', 0.00, 0.00, '0000-00-00', '', '', NULL),
	(238, 0, '', 'Storage Expansion', '78240NN', 1, 'V7000 Expansion', '', '', 2, 'D12', 0, '', '', '', '', '', '', 0, '', 0, '', '0000-00-00', '', 0.00, 0.00, '0000-00-00', '', '', NULL),
	(239, 0, '', 'Storage Expansion', '78240NR', 1, 'V7000 Expansion', '', '', 2, 'D12', 0, '', '', '', '', '', '', 0, '', 0, '', '0000-00-00', '', 0.00, 0.00, '0000-00-00', '', '', NULL),
	(240, 0, '', 'KVM', '', 0, 'KVM', '', '', 0, '', 0, '', '', '', '', '', '', 0, '', 0, '', '0000-00-00', '', 0.00, 0.00, '0000-00-00', '', '', NULL),
	(241, 0, '', 'SAN Controller', '7820CFC', 1, 'Storwize V7000', '', '', 2, 'D10', 0, '', '', '', '', '', '', 0, '', 0, '', '0000-00-00', '', 0.00, 0.00, '0000-00-00', '', '', NULL),
	(242, 7, '', 'Staging Data', '8437BAW', 1, 'IBM P750', '10.242.231.160', 'spanuat', 2, 'D10', 0, '', '', '', '', '', '', 0, '', 0, '', '0000-00-00', '', 0.00, 0.00, '0000-00-00', '', '', NULL),
	(243, 0, '', 'KVM', '', 0, 'KVM', '', '', 0, '', 0, '', '', '', '', '', '', 0, '', 0, '', '0000-00-00', '', 0.00, 0.00, '0000-00-00', '', '', NULL),
	(244, 0, '', 'Storage Expansion', '7824TWY', 1, 'V7000 Expansion', '', '', 2, 'D 9', 0, '', '', '', '', '', '', 0, '', 0, '', '0000-00-00', '', 0.00, 0.00, '0000-00-00', '', '', NULL),
	(245, 0, '', 'Storage Expansion', '7824TYN', 1, 'V7000 Expansion', '', '', 2, 'D 9', 0, '', '', '', '', '', '', 0, '', 0, '', '0000-00-00', '', 0.00, 0.00, '0000-00-00', '', '', NULL),
	(246, 0, '', 'Storage Expansion', '7824V1Y', 1, 'V7000 Expansion', '', '', 2, 'D 9', 0, '', '', '', '', '', '', 0, '', 0, '', '0000-00-00', '', 0.00, 0.00, '0000-00-00', '', '', NULL),
	(247, 2, '1', 'Database Server SAKTI', '1810XC303X', 5, 'Exadata Database Server', '', '1810XC30C7', 2, 'D 8', 0, '', '', '', '', '', 'Oracle', 0, '', 0, '', '0000-00-00', '', 0.00, 0.00, '0000-00-00', '', '', NULL),
	(248, 2, '1', 'Database Server SAKTI', '1810XC30C7', 5, 'Exadata Database Server', '', 'kpbsdcexadbadm02                ', 2, 'D 8', 0, '', '', '', '', '', 'Oracle', 0, '', 0, '', '0000-00-00', '', 0.00, 0.00, '0000-00-00', '', '', NULL),
	(249, 2, '1', 'Storage Server SAKTI', '1809XC20E0', 5, 'Exadata Storage Server', '', 'kpbsdcexaceladm01', 2, 'D 8', 0, '', '', '', '', '', 'Oracle', 0, '', 0, '', '0000-00-00', '', 0.00, 0.00, '0000-00-00', '', '', NULL),
	(250, 2, '1', 'Storage Server SAKTI', '1809XC20KD', 5, 'Exadata Storage Server', '', 'kpbsdcexaceladm02', 2, 'D 8', 0, '', '', '', '', '', 'Oracle', 0, '', 0, '', '0000-00-00', '', 0.00, 0.00, '0000-00-00', '', '', NULL),
	(251, 2, '1', 'Storage Server SAKTI', '1809XC20M4', 5, 'Exadata Storage Server', '', 'kpbsdcexaceladm03', 2, 'D 8', 0, '', '', '', '', '', 'Oracle', 0, '', 0, '', '0000-00-00', '', 0.00, 0.00, '0000-00-00', '', '', NULL),
	(252, 0, '', 'KVM', '', 0, 'KVM', '', '', 0, '', 0, '', '', '', '', '', '', 0, '', 0, '', '0000-00-00', '', 0.00, 0.00, '0000-00-00', '', '', NULL),
	(253, 0, '', '-', 'J3008N7F', 3, 'SR650', '', '', 2, 'D 7', 0, '', '', '', '', '', '', 0, '', 0, '', '0000-00-00', '2018', 0.00, 0.00, '0000-00-00', '', '', NULL),
	(254, 0, '', '-', 'J3008N7A', 3, 'SR650', '', '', 2, 'D 7', 0, '', '', '', '', '', '', 0, '', 0, '', '0000-00-00', '2018', 0.00, 0.00, '0000-00-00', '', '', NULL),
	(255, 0, '', '-', 'J3008N7D', 3, 'SR650', '', '', 2, 'D 7', 0, '', '', '', '', '', '', 0, '', 0, '', '0000-00-00', '2018', 0.00, 0.00, '0000-00-00', '', '', NULL),
	(256, 0, '', '-', 'J3008M18', 3, 'SR650', '', '', 2, 'D 7', 0, '', '', '', '', '', '', 0, '', 0, '', '0000-00-00', '2018', 0.00, 0.00, '0000-00-00', '', '', NULL),
	(257, 0, '', '-', 'J3008N77', 3, 'SR650', '', '', 2, 'D 7', 0, '', '', '', '', '', '', 0, '', 0, '', '0000-00-00', '2018', 0.00, 0.00, '0000-00-00', '', '', NULL),
	(258, 0, '', '-', 'J3008N79', 3, 'SR650', '', '', 2, 'D 7', 0, '', '', '', '', '', '', 0, '', 0, '', '0000-00-00', '2018', 0.00, 0.00, '0000-00-00', '', '', NULL),
	(259, 0, '', '-', 'J3008N76', 3, 'SR650', '', '', 2, 'D 7', 0, '', '', '', '', '', '', 0, '', 0, '', '0000-00-00', '2018', 0.00, 0.00, '0000-00-00', '', '', NULL),
	(260, 0, '', 'KVM', '', 0, 'KVM', '', '', 0, '', 0, '', '', '', '', '', '', 0, '', 0, '', '0000-00-00', '', 0.00, 0.00, '0000-00-00', '', '', NULL),
	(261, 0, '', '-', 'J3008N6X', 3, 'SR650', '', '', 2, 'D 6', 0, '', '', '', '', '', '', 0, '', 0, '', '0000-00-00', '2018', 0.00, 0.00, '0000-00-00', '', '', NULL),
	(262, 0, '', '-', 'J3008N6R', 3, 'SR650', '', '', 2, 'D 6', 0, '', '', '', '', '', '', 0, '', 0, '', '0000-00-00', '2018', 0.00, 0.00, '0000-00-00', '', '', NULL),
	(263, 0, '', '-', 'J3008N6N', 3, 'SR650', '', '', 2, 'D 6', 0, '', '', '', '', '', '', 0, '', 0, '', '0000-00-00', '2018', 0.00, 0.00, '0000-00-00', '', '', NULL),
	(264, 0, '', '-', 'J3008N72', 3, 'SR650', '', '', 2, 'D 6', 0, '', '', '', '', '', '', 0, '', 0, '', '0000-00-00', '2018', 0.00, 0.00, '0000-00-00', '', '', NULL),
	(265, 0, '', '-', 'J3008N6K', 3, 'SR650', '', '', 2, 'D 6', 0, '', '', '', '', '', '', 0, '', 0, '', '0000-00-00', '2018', 0.00, 0.00, '0000-00-00', '', '', NULL),
	(266, 0, '', '-', 'J3008N6W', 3, 'SR650', '', '', 2, 'D 6', 0, '', '', '', '', '', '', 0, '', 0, '', '0000-00-00', '2018', 0.00, 0.00, '0000-00-00', '', '', NULL),
	(267, 0, '', '-', 'J3008N73', 3, 'SR650', '', '', 2, 'D 6', 0, '', '', '', '', '', '', 0, '', 0, '', '0000-00-00', '2018', 0.00, 0.00, '0000-00-00', '', '', NULL),
	(268, 0, '', '-', 'J3008N6L', 3, 'SR650', '', '', 2, 'D 6', 0, '', '', '', '', '', '', 0, '', 0, '', '0000-00-00', '2018', 0.00, 0.00, '0000-00-00', '', '', NULL),
	(269, 0, '', '-', 'J3008N71', 3, 'SR650', '', '', 2, 'D 6', 0, '', '', '', '', '', '', 0, '', 0, '', '0000-00-00', '2018', 0.00, 0.00, '0000-00-00', '', '', NULL),
	(270, 0, '', '-', 'J3008N6H', 3, 'SR650', '', '', 2, 'D 6', 0, '', '', '', '', '', '', 0, '', 0, '', '0000-00-00', '2018', 0.00, 0.00, '0000-00-00', '', '', NULL),
	(271, 0, '', '-', 'J3008N6P', 3, 'SR650', '', '', 2, 'D 6', 0, '', '', '', '', '', '', 0, '', 0, '', '0000-00-00', '2018', 0.00, 0.00, '0000-00-00', '', '', NULL),
	(272, 0, '', '-', 'J3008N6T', 3, 'SR650', '', '', 2, 'D 6', 0, '', '', '', '', '', '', 0, '', 0, '', '0000-00-00', '2018', 0.00, 0.00, '0000-00-00', '', '', NULL),
	(273, 0, '', 'KVM', '', 0, 'KVM', '', '', 0, '', 0, '', '', '', '', '', '', 0, '', 0, '', '0000-00-00', '', 0.00, 0.00, '0000-00-00', '', '', NULL),
	(274, 2, '2', 'Server Aplikasi (Jboss&Jasper)', '', 0, 'Server VM', '10.242.231.188', '', 0, '', 0, '', '', '', '', 'DS5300 SAKTI', '', 0, '', 0, '', '0000-00-00', '', 0.00, 0.00, '0000-00-00', '', '', NULL),
	(275, 2, '2', 'Server Converter SAKTI', '', 0, 'Server VM', '10.242.231.87', '', 0, '', 0, '', '', '', '', 'DS5300 SAKTI', '', 0, '', 0, '', '0000-00-00', '', 0.00, 0.00, '0000-00-00', '', '', NULL),
	(276, 2, '2', 'Server Jasper', '', 0, 'Server VM', '10.242.231.86', '', 0, '', 0, '', '', '', '', 'DS5300 SAKTI', '', 0, '', 0, '', '0000-00-00', '', 0.00, 0.00, '0000-00-00', '', '', NULL),
	(277, 2, '4', 'Server UT/UAT SAKTI Internal', '', 0, 'Lenovo X3650 M5', '10.242.143.72', '', 0, '', 0, '', '', '96 GB', '', '2 TB', '', 0, '', 0, '', '0000-00-00', '', 0.00, 0.00, '0000-00-00', '', '', NULL),
	(278, 8, '', 'Reserved Proxy dan Web App #2\n+ Jasper (bisa jadi empat core)', '', 0, 'Server VM', '10.242.231.155', '', 0, '', 1, 'Oracle Linux 6', 'vCPU 8 core', '8 GB', '50 GB', 'V7000 VM Cluster', '', 0, '', 0, '', '0000-00-00', '', 0.00, 0.00, '0000-00-00', '', '', NULL),
	(279, 8, '', 'Web App #1 dan FTP (bisa jadi 4 core)\n', '', 0, 'Server VM', '10.242.231.152', '', 0, '', 1, 'Oracle Linux 6', 'vCPU 8 core', '16 GB', '750 GB', 'V7000 VM Cluster', '', 0, '', 0, '', '0000-00-00', '', 0.00, 0.00, '0000-00-00', '', '', NULL),
	(280, 8, '', 'Web App #3 + Jasper ', '', 0, 'Server VM', '10.242.231.174', '', 0, '', 1, 'Oracle Linux 6', 'vCPU 8 core', '16 GB', '50 GB', 'V7000 VM Cluster', '', 0, '', 0, '', '0000-00-00', '', 0.00, 0.00, '0000-00-00', '', '', NULL),
	(281, 8, '', 'Server Jasper #1 (rekomendasi jasper ubuntu 16.04 64bit) ', '', 0, 'Server VM', '10.242.231.154', '', 0, '', 2, 'WinServer2008', 'vCPU 8 core', '16 GB', '250 GB', 'V7000 VM Cluster', '', 0, '', 0, '', '0000-00-00', '', 0.00, 0.00, '0000-00-00', '', '', NULL),
	(282, 8, '', 'Server Jasper #2 (spesifikasi disesuaikan) ', '', 0, 'Server VM', '10.242.231.178', '', 0, '', 2, 'WinServer2008', 'vCPU 8 core', '16 GB', '100 GB', 'V7000 VM Cluster', '', 0, '', 0, '', '0000-00-00', '', 0.00, 0.00, '0000-00-00', '', '', NULL),
	(283, 8, '', 'Server Loader #1 ', '', 0, 'Server VM', '10.242.231.153', '', 0, '', 2, 'WinServer2008', 'vCPU 8 core', '16 GB', '250 GB', 'V7000 VM Cluster', '', 0, '', 0, '', '0000-00-00', '', 0.00, 0.00, '0000-00-00', '', '', NULL),
	(284, 8, '', 'Server Loader #2 ', '', 0, 'Server VM', '10.242.231.163', '', 0, '', 2, 'WinServer2008', 'vCPU 8 core', '8 GB', '300 GB', 'V7000 VM Cluster', '', 0, '', 0, '', '0000-00-00', '', 0.00, 0.00, '0000-00-00', '', '', NULL),
	(285, 8, '', 'Server Loader #3 ', '', 0, 'Server VM', '10.242.231.162', '', 0, '', 2, 'WinServer2008', 'vCPU 8 core', '8 GB', '300 GB', 'V7000 VM Cluster', '', 0, '', 0, '', '0000-00-00', '', 0.00, 0.00, '0000-00-00', '', '', NULL),
	(286, 8, '', 'Server Loader #4 (spesifikasi disesuaikan) ', '', 0, 'Server VM', '10.242.231.165', '', 0, '', 2, 'WinServer2008', 'vCPU 8 core', '8 GB', '300 GB', 'V7000 VM Cluster', '', 0, '', 0, '', '0000-00-00', '', 0.00, 0.00, '0000-00-00', '', '', NULL),
	(287, 8, '', 'Database OLTP ', '', 0, 'Server VM', '10.242.231.201', '', 0, '', 1, 'Oracle Linux 6', 'vCPU 8 core', '32 GB', '3.7 TB', 'V7000 VM Cluster', '', 0, '', 0, '', '0000-00-00', '', 0.00, 0.00, '0000-00-00', '', '', NULL),
	(288, 8, '', 'Database Olap ', '', 0, 'Server VM', '10.242.231.202', '', 0, '', 1, 'Oracle Linux 6', 'vCPU 8 core', '16 GB', '2.6TB', 'V7000 VM Cluster', '', 0, '', 0, '', '0000-00-00', '', 0.00, 0.00, '0000-00-00', '', '', NULL),
	(289, 8, '', 'Database Staging ', '', 0, 'Server VM', '10.242.231.203', '', 0, '', 1, 'Oracle Linux 6', 'vCPU 8 core', '16 GB', '3.6TB', 'V7000 VM Cluster', '', 0, '', 0, '', '0000-00-00', '', 0.00, 0.00, '0000-00-00', '', '', NULL),
	(290, 8, '', 'Development Erekon ', '', 0, 'Server VM', '10.242.231.175', '', 0, '', 2, 'WinServer2008', 'vCPU 8 core', '8 GB', '800 GB', 'V7000 VM Cluster', '', 0, '', 0, '', '0000-00-00', '', 0.00, 0.00, '0000-00-00', '', '', NULL),
	(291, 9, '0', 'Server Aplikasi e-SPM ', '', 0, 'Server VM', '10.242.19.21 ip public 202.61.126.235 ', '', 0, '', 2, 'Windows Server 2012 64 bit ', '2 core(s) @2.50GHz ', '2 GB ', '49.66 GB ', 'VM Cloud Pusintek ', 'WEB 1 ', 0, '', 0, '', '0000-00-00', '', 0.00, 0.00, '0000-00-00', '', '', NULL),
	(292, 9, '0', 'Server Aplikasi e-SPM ', '', 0, 'Server VM', ' 10.242.19.22 ip public 202.61.126.236 ', '', 0, '', 2, 'Windows Server 2012 64 bit ', '2 core(s) @2.50GHz ', '2 GB ', '49.66 GB ', 'VM Cloud Pusintek ', 'WEB 2 ', 0, '', 0, '', '0000-00-00', '', 0.00, 0.00, '0000-00-00', '', '', NULL),
	(293, 9, '0', 'Server Database ', '', 0, 'Server VM', '10.242.43.5 ', '', 0, '', 2, 'Windows Server 2012 64 bit ', '2 core(s) @3.07GHz ', '2 GB ', '49.66 GB ', 'VM Cloud Pusintek ', 'DB ', 0, '', 0, '', '0000-00-00', '', 0.00, 0.00, '0000-00-00', '', '', NULL),
	(294, 9, '0', 'Server OLAP ', '', 0, 'Server VM', '10.242.43.6 ', '', 0, '', 2, 'Windows Server 2012 64 bit ', '2 core(s) @3.07GHz ', '2 GB ', '49.66 GB ', 'VM Cloud Pusintek ', 'OLAP ', 0, '', 0, '', '0000-00-00', '', 0.00, 0.00, '0000-00-00', '', '', NULL),
	(295, 9, '1', 'FTP eSPM-S69532 ', '', 0, 'Server VM', '10.242.19.32 ', 'VDC05210C', 0, '', 2, 'WinServer2012 Standard 64 Bit ', '8 vCPU ', '32 GB ', '50 GB ', 'VM Cloud Pusintek ', '', 0, '', 0, '', '0000-00-00', '', 0.00, 0.00, '0000-00-00', '', '', NULL),
	(296, 9, '1', 'Aplikasi eSPM-S69532 ', '', 0, 'Server VM', '10.242.19.27 ', 'VDC05211C', 0, '', 2, 'WinServer2012 Standard 64 Bit ', '8 vCPU ', '32 GB ', '100 GB ', 'VM Cloud Pusintek ', '', 0, '', 0, '', '0000-00-00', '', 0.00, 0.00, '0000-00-00', '', '', NULL),
	(297, 9, '1', 'Host to Host 1 eSPM-S69532 ', '', 0, 'Server VM', '10.242.19.28 ', 'VDC05215C', 0, '', 2, 'WinServer2012 Standard 64 Bit ', '8 vCPU ', '32 GB ', '100 GB ', 'VM Cloud Pusintek ', '', 0, '', 0, '', '0000-00-00', '', 0.00, 0.00, '0000-00-00', '', '', NULL),
	(298, 9, '1', 'Host to Host 2 eSPM-S69532', '', 0, 'Server VM', '10.242.19.29 ', 'VDC05216C ', 0, '', 2, 'WinServer2012 Standard 64 Bit ', '8 vCPU ', '32 GB ', '100 GB ', 'VM Cloud Pusintek ', '', 0, '', 0, '', '0000-00-00', '', 0.00, 0.00, '0000-00-00', '', '', NULL),
	(299, 9, '1', 'Host to Host 3 eSPM-S69532', '', 0, 'Server VM', '10.242.19.30 ', 'VDC05217C ', 0, '', 2, 'WinServer2012 Standard 64 Bit ', '8 vCPU ', '32 GB ', '100 GB ', 'VM Cloud Pusintek ', '', 0, '', 0, '', '0000-00-00', '', 0.00, 0.00, '0000-00-00', '', '', NULL),
	(300, 9, '1', 'Load Balancer 1 eSPM-S69532', '', 0, 'Server VM', '10.242.19.51 ', 'VDC05212C ', 0, '', 2, 'WinServer2012 Standard 64 Bit ', '8 vCPU ', '32 GB ', '50 GB ', 'VM Cloud Pusintek ', '', 0, '', 0, '', '0000-00-00', '', 0.00, 0.00, '0000-00-00', '', '', NULL),
	(301, 9, '1', 'APP-eSPM-S69532', '', 0, 'Server VM', '10.242.19.52 ', 'VDC05213C ', 0, '', 2, 'WinServer2012 Standard 64 Bit ', '8 vCPU ', '32 GB ', '50 GB ', 'VM Cloud Pusintek ', '', 0, '', 0, '', '0000-00-00', '', 0.00, 0.00, '0000-00-00', '', '', NULL),
	(302, 9, '1', 'APP-eSPM-S69532', '', 0, 'Server VM', '10.242.19.53 ', 'VDC05214C ', 0, '', 2, 'WinServer2012 Standard 64 Bit ', '8 vCPU ', '32 GB ', '100 GB ', 'VM Cloud Pusintek ', '', 0, '', 0, '', '0000-00-00', '', 0.00, 0.00, '0000-00-00', '', '', NULL),
	(303, 9, '1', 'Database eSPM-S69532', '', 0, 'Server VM', '10.242.67.205 ', 'VDC05218C ', 0, '', 2, 'WinServer2012 Standard 64 Bit ', '16 vCPU @2.50GHz ', '64 GB ', '200 GB ', 'VM Cloud Pusintek ', '', 0, '', 0, '', '0000-00-00', '', 0.00, 0.00, '0000-00-00', '', '', NULL),
	(304, 10, '', 'Aplication Server ', '', 0, 'Server VM', '10.242.43.63 ', 'VDC05063C ', 0, '', 2, 'WinServer2008', '16 core ', '24 GB ', '200 GB ', 'V7000 VM Cluster', '', 0, '', 0, '', '0000-00-00', '', 0.00, 0.00, '0000-00-00', '', '', NULL),
	(305, 10, '', 'Database Server ', '', 0, 'Server VM', '10.242.43.64 ', 'VDC05064C ', 0, '', 2, 'WinServer2008', '12 core ', '32 GB ', '1000 GB ', 'V7000 VM Cluster', '', 0, '', 0, '', '0000-00-00', '', 0.00, 0.00, '0000-00-00', '', '', NULL),
	(306, 10, '', 'Olap Server ', '', 0, 'Server VM', '10.242.89.40 ', 'VDC00321D ', 0, '', 2, 'WinServer2008', '8 core ', '12 GB ', '250 GB ', 'V7000 VM Cluster', '', 0, '', 0, '', '0000-00-00', '', 0.00, 0.00, '0000-00-00', '', '', NULL),
	(307, 10, '', 'Host to Host Mandiri ', '', 0, 'Server VM', '10.242.43.73', 'VDC05107D', 0, '', 2, 'WinServer2008', '12 core ', '24 GB ', '100 GB ', 'V7000 VM Cluster', '', 0, '', 0, '', '0000-00-00', '', 0.00, 0.00, '0000-00-00', '', '', NULL),
	(308, 10, '', 'Host to Host BRI ', '', 0, 'Server VM', '10.242.43.83', 'VDC05106D', 0, '', 2, 'WinServer2008', '12 core ', '24 GB ', '100 GB ', 'V7000 VM Cluster', '', 0, '', 0, '', '0000-00-00', '', 0.00, 0.00, '0000-00-00', '', '', NULL),
	(309, 10, '', 'Jasper Server ', '', 0, 'Server VM', '10.242.77.110', 'VDC00322D', 0, '', 2, 'WinServer2008', '4 core ', '8 GB ', '50 GB ', 'V7000 VM Cluster', '', 0, '', 0, '', '0000-00-00', '', 0.00, 0.00, '0000-00-00', '', '', NULL),
	(310, 10, '', 'Development Server ', '', 0, 'Server VM', '10.242.77.111', 'VDC00323D', 0, '', 2, 'WinServer2008', '4 core ', '4 GB ', '200 GB ', 'V7000 VM Cluster', '', 0, '', 0, '', '0000-00-00', '', 0.00, 0.00, '0000-00-00', '', '', NULL),
	(311, 11, '', 'APP HAI ', '', 0, 'Server VM', '10.242.231.177 ', 'HAIQA ', 0, '', 1, 'LINUX ', 'Intel(R) Xeon(R) CPU E5-2697 v2 @ 2.70GHz ', 'Physical Memory 3.953 MB, Swap Memory 4.091 MB ', '4,899.904 MB ', 'V7000 VM Cluster', '', 0, '', 0, '', '0000-00-00', '', 0.00, 0.00, '0000-00-00', '', '', NULL),
	(312, 11, '', 'APP HAI + Database HAI SPAN ', '', 0, 'Server VM', '10.242.231.90 ', 'DESKPRO', 0, '', 1, 'LINUX ', 'Intel(R) Xeon(R) CPU E5-2697 v2 @ 2.70GHz ', 'Physical Memory 16.047 MB, Swap Memory 2.047 MB', '18,447.721 MB ', 'V7000 VM Cluster', '', 0, '', 0, '', '0000-00-00', '', 0.00, 0.00, '0000-00-00', '', '', NULL),
	(313, 12, '', 'APLIKASI ', '', 0, 'Server VM', '10.242.231.116 ', '', 0, '', 2, 'WinServer2008', '2.7GHz', '4 GB ', '50 GB', 'V7000 VM Cluster', '', 0, '', 0, '', '0000-00-00', '', 0.00, 0.00, '0000-00-00', '', 'VM DJPB ', NULL),
	(314, 12, '', 'DATABASE ', '', 0, 'Server VM', '10.242.231.117 ', '', 0, '', 2, 'WinServer2008', '2.7GHz', '4 GB ', '50 GB', 'V7000 VM Cluster', '', 0, '', 0, '', '0000-00-00', '', 0.00, 0.00, '0000-00-00', '', 'VM DJPB ', NULL),
	(315, 12, '', 'FTP ', '', 0, 'Server VM', '10.242.231.118 ', '', 0, '', 2, 'WinServer2008', '2.7GHz', '4 GB ', '50 GB', 'V7000 VM Cluster', '', 0, '', 0, '', '0000-00-00', '', 0.00, 0.00, '0000-00-00', '', 'VM DJPB ', NULL),
	(316, 13, '', 'App Server 1:  Aplikasi OM SPAN  ', '', 0, '', '10.242.17.161 ', 'VDC05060C', 2, 'vCenter Ke', 1, 'Oracle Linux Server R 6.3 ', '4 core ', '12 GB', '200 GB ', 'V7000 VM Cluster', '', 0, '', 0, '', '0000-00-00', '', 0.00, 0.00, '0000-00-00', '', '', NULL),
	(317, 13, '', 'App Server 2 ', '', 0, '', '10.242.231.56 ', '', 2, 'vCenter DJ', 1, 'Oracle Linux Server R 6.3 ', '8 core ', '12 GB', '200 GB ', 'V7000 VM Cluster', '', 0, '', 0, '', '0000-00-00', '', 0.00, 0.00, '0000-00-00', '', '', NULL),
	(318, 13, '', 'App Server 3 : DB_OM SPAN  ', '', 0, '', '10.242.43.65 ', 'VDC05065C', 2, 'vCenter Ke', 1, 'Oracle Linux Server R 6.3  ', '16 core ', '24 GB', '2 TB', 'V7000 VM Cluster', '', 0, '', 0, '', '0000-00-00', '', 0.00, 0.00, '0000-00-00', '', '', NULL),
	(319, 13, '', 'Database Server  ', '', 0, '', '10.242.231.52 ', '', 2, 'vCenter DJ', 0, 'Oracle DB Server R 11 ', '20 core', '64 GB', '3.2 TB', 'V7000 VM Cluster', '', 0, '', 0, '', '0000-00-00', '', 0.00, 0.00, '0000-00-00', '', '', NULL),
	(320, 0, '', 'Git Server ', '', 0, '', '10.242.43.21 ', 'VDC05017C ', 0, '', 0, '', '8 core ', '8 GB ', '150 GB ', 'V7000 VM Cluster', '', 0, '', 0, '', '0000-00-00', '', 0.00, 0.00, '0000-00-00', '', '', NULL),
	(321, 0, '', 'FTP Dakdandes ', '', 0, '', '10.242.18.201', 'VDC05205C', 0, '', 0, '', '16 core ', '24 GB ', '2 TB ', 'V7000 VM Cluster', '', 0, '', 0, '', '0000-00-00', '', 0.00, 0.00, '0000-00-00', '', '', NULL),
	(322, 0, '', 'FTP ADK Bendum ', '', 0, '', '10.242.43.40', 'VDC05026 ', 0, '', 0, '', '- ', '- ', '- ', 'VM Pusintek ', '', 0, '', 0, '', '0000-00-00', '', 0.00, 0.00, '0000-00-00', '', '', NULL),
	(323, 0, '', 'FTP ADK Vera', '', 0, '', '10.242.43.42', 'VDC05027 ', 0, '', 0, '', '- ', '- ', '- ', 'VM Pusintek ', '', 0, '', 0, '', '0000-00-00', '', 0.00, 0.00, '0000-00-00', '', '', NULL),
	(324, 0, '', 'FTP SPAN', '', 0, '', '10.100.93.134', '- ', 0, '', 0, '', '- ', '- ', '- ', 'VM Pusintek ', '', 0, '', 0, '', '0000-00-00', '', 0.00, 0.00, '0000-00-00', '', '', NULL),
	(325, 0, '', 'FTP1 Perbendaharaan ', '', 0, '', '10.100.6.104', '- ', 0, '', 0, '', '- ', '- ', '- ', 'VM Pusintek ', '', 0, '', 0, '', '0000-00-00', '', 0.00, 0.00, '0000-00-00', '', '', NULL),
	(326, 0, '', 'Apliction BIOS BLU', '', 0, '', '10.242.17.221', 'VDC05066C ', 0, '', 0, '', '2 core ', '2 GB ', '50 GB ', 'V7000 VM Cluster', '', 0, '', 0, '', '0000-00-00', '', 0.00, 0.00, '0000-00-00', '', '', NULL),
	(327, 2, '1', 'Database SAKTI', '99A0282', 1, 'x3690 X5', '10.58.0.160', 'sakti-drc', 3, 'B-02', 0, '', '', '', '', '', 'Oracle', 3, '3100204004.04', 3, 'B', '2011-12-28', '', 9775500.00, 9775500.00, '2012-12-28', '0', '', NULL),
	(328, 2, '1', 'SMS Gateway SAKTI', '99D6769', 1, 'x3250 M3', '10.58.0.101', 'sms-drc', 3, 'B-02', 0, '', '', '', '', '', '', 3, '3100204001.63', 1, 'B', '2013-01-15', '', 128998991.00, 128998991.00, '2019-01-15', '2', 'Server Kanwil', NULL),
	(329, 2, '1', 'FTP Aplikasi Sakti', '99D6767', 1, 'x3250 M3', '10.58.0.100', 'ftp-drc', 3, 'B-02', 0, '', '', '', '', '', '', 3, '3100204001.64', 1, 'B', '2013-01-15', '', 128998991.00, 128998991.00, '2019-01-15', '2', 'Server Kanwil', NULL),
	(330, 2, '1', 'Aplikasi SAKTI', '99V5258', 1, 'BladeCenter HS22', '10.58.0.163 ', 'appsakti-drc', 3, 'B-02', 0, '', '', '', '', '', 'Jboss', 3, '', 0, 'B', '0000-00-00', '', 0.00, 0.00, '0000-00-00', '', '', NULL),
	(331, 2, '1', 'Portal SAKTI', '99V5248', 1, 'BladeCenter HS22', '10.58.0.161 ', 'portalsakti-drc', 3, 'B-02', 0, '', '', '', '', '', 'Weblogic', 3, '', 0, 'B', '0000-00-00', '', 0.00, 0.00, '0000-00-00', '', '', NULL),
	(332, 2, '1', 'Konverter SAKTI', '99V5256', 1, 'BladeCenter HS22', '10.58.0.162 ', 'konv-drc', 3, 'B-02', 0, '', '', '', '', '', '', 3, '', 0, 'B', '0000-00-00', '', 0.00, 0.00, '0000-00-00', '', '', NULL),
	(333, 2, '1', 'Database Server SAKTI', '1810XC30C5', 6, 'Database Server', '', 'kpbsdrxadbadm01', 3, 'C-10', 0, '', '', '', '', '', 'Oracle', 0, '', 0, '', '0000-00-00', '', 0.00, 0.00, '0000-00-00', '', '', NULL),
	(334, 2, '1', 'Database Server SAKTI', '1810XC30CH', 6, 'Database Server', '', 'kpbsdrxadbadm02 ', 3, 'C-10', 0, '', '', '', '', '', 'Oracle', 0, '', 0, '', '0000-00-00', '', 0.00, 0.00, '0000-00-00', '', '', NULL),
	(335, 2, '1', 'Storage Server SAKTI', '1806XC208R ', 6, 'Storage Server', '', 'kpbsdrxaceladm01', 3, 'C-10', 0, '', '', '', '', '', 'Oracle', 0, '', 0, '', '0000-00-00', '', 0.00, 0.00, '0000-00-00', '', '', NULL),
	(336, 2, '1', 'Storage Server SAKTI', '1806XC20DK ', 6, 'Storage Server', '', 'kpbsdrxaceladm02', 3, 'C-10', 0, '', '', '', '', '', 'Oracle', 0, '', 0, '', '0000-00-00', '', 0.00, 0.00, '0000-00-00', '', '', NULL),
	(337, 2, '1', 'Storage Server SAKTI', '1806XC20DJ', 6, 'Storage Server', '', 'kpbsdrxaceladm03', 3, 'C-10', 0, '', '', '', '', '', 'Oracle', 0, '', 0, '', '0000-00-00', '', 0.00, 0.00, '0000-00-00', '', '', NULL),
	(338, 3, '1', 'Application 1 / Concurent Manager 1 Production', '214600V', 1, 'IBM P750', '10.240.1.51 ', 'DR10912V01', 3, '', 3, 'AIX', '44 core', '88 GB', '1,8 TB', 'V7000', '', 3, '3100204001.91', 1, 'B', '2014-12-16', '', 1834535468.00, 1605218535.00, '2017-12-16', '0', '', NULL),
	(339, 3, '1', 'Application 2 / Concurent Manager 2 Production ', '214603V', 1, 'IBM P750', '10.240.1.52 ', 'DR11012V01', 3, '', 3, 'AIX', '44 core', '88 GB', '1,8 TB', 'V7000', '', 3, '3100204001.92', 1, 'B', '2014-12-16', '', 1834535468.00, 1605218535.00, '2017-12-16', '0', '', NULL),
	(340, 3, '1', 'Database 1 Production ', '214602V', 1, 'IBM P750', '10.240.1.40 ', 'DR10925E01', 3, '', 3, 'AIX', '120 core', '420 GB', '1,8 TB', 'V7000', 'Oracle', 3, '3100204001.87', 1, 'B', '2014-12-16', '', 2568365893.00, 2247320157.00, '2017-12-16', '0', '', NULL),
	(341, 3, '1', 'Database 2 Production ', '214601V', 1, 'IBM P750', '10.240.1.42 ', 'DR11025E01', 3, '', 3, 'AIX', '120 core', '420 GB', '1,8 TB', 'V7000', 'Oracle', 3, '3100204001.88', 1, 'B', '2014-12-16', '', 2568365893.00, 2247320157.00, '2017-12-16', '0', '', NULL),
	(342, 3, '1', 'TSM Production ', '06D3355', 1, 'IBM P520', '10.240.1.15 ', 'DR1D308E01', 3, '', 3, 'AIX', '2 core', '8 GB', '146 GB', 'V7000', '', 3, '3100204001.23', 1, 'B', '2011-11-29', '', 272599636.00, 272599636.00, '2017-11-29', '0', '', NULL),
	(343, 3, '1', 'Xico Server Interface 1 Production ', '06D3625', 1, 'IBM P570', '10.240.1.131 ', 'DR1D106E01', 3, '', 3, 'AIX', '4 core', '30 GB', '146 GB', 'V7000', '', 3, '3100204001.68', 1, 'B', '2014-01-13', '', 2922933835.00, 2922933835.00, '2020-12-13', '2', '', NULL),
	(344, 3, '1', 'Xico Server Interface 2 Production ', '06D32F5', 1, 'IBM P570', '10.240.1.133 ', 'DR1D122E04', 3, '', 3, 'AIX', '4 core', '30 GB', '146 GB', 'V7000', '', 3, '3100204001.77', 1, 'B', '2014-01-13', '', 98811457.00, 98811457.00, '2020-12-13', '2', '', NULL),
	(345, 3, '1', 'Front End DRC', '06FVL87', 1, 'Blade HS22', '10.240.1.132', 'DR1D202E01', 3, '', 2, 'Windows Server 2008 R2 Enterprise', 'Inter® Xeon® CPU X5570 @2,93 GHz (16 CPUs), ~2,9GHz', '8192 MB', 'C:70 GB, D:65,65 GB', 'Internal Blade HS22', '', 0, '', 0, '', '0000-00-00', '', 0.00, 0.00, '0000-00-00', '', '', NULL),
	(346, 3, '1', 'Back End DRC', '99M3885', 1, 'Blade HS22', '10.240.1.18', 'DR1D202E02', 3, '', 2, 'Windows Server 2008 R2 Standar', 'Inter® Xeon® CPU X5570 @2,93 GHz (16 CPUs), ~2,9GHz', '8192 MB', 'C:70 GB, D:65,65 GB', 'Internal Blade HS22', '', 3, '3100204001.28', 1, 'B', '2011-11-29', '', 665843463.00, 665843463.00, '2017-11-29', '0', '', NULL),
	(347, 3, '1', 'DNS', '99M3888', 1, 'Blade HS22', '10.240.1.19', 'DR1D202E03', 3, '', 2, 'Windows Server 2008 R2 Standar', 'Inter® Xeon® CPU X5570 @2,93 GHz (8 CPUs), ~2,9GHz', '4096 MB', 'C:70 GB, D:65,65 GB', 'Internal Blade HS22', '', 3, '3100204001.33', 1, 'B', '2011-11-29', '', 68941275.00, 68941275.00, '2017-11-29', '0', '', NULL),
	(348, 4, '', 'AP', '06FF855', 1, 'Blade HS22', '10.240.1.27', 'DR1D202E04', 3, '', 2, 'Windows Server 2008 R2 Enterprise', 'Inter® Xeon® CPU X5570 @2,93 GHz (8 CPUs), ~2,9GHz', '32768 MB', 'C:70 GB, D:65,65 GB', 'Internal Blade HS22', '', 3, '3100204001.83', 1, 'B', '2014-06-27', '', 318950424.00, 318950424.00, '2020-06-27', '', '', NULL),
	(349, 4, '', 'DB', '06FF859', 1, 'Blade HS22', '10.240.1.26', 'DR1D202E05', 3, '', 2, 'Windows Server 2008 R2 Standar', 'Inter® Xeon® CPU X5570 @2,93 GHz (8 CPUs), ~2,9GHz', '32768 MB', 'C:70 GB, D:65,65 GB', 'Internal Blade HS22', '', 3, '3100204001.80', 1, 'B', '2014-06-27', '', 314605644.00, 314605644.00, '2020-06-27', '2', '', NULL),
	(350, 1, '1', 'Aplikasi Biller Interface 1', '99V9578', 1, 'IBM Blade HS22 #1', '10.58.9.101', 'DRAPP', 3, '', 1, 'RHEL6.5', 'Inter® Xeon® CPU X5675 @3,07 GHz (6 core)', '36 GB', '250 GB', 'internal ', '', 3, '', 0, 'B', '0000-00-00', '', 0.00, 0.00, '0000-00-00', '', '', NULL),
	(351, 1, '1', 'Database Rekonsiliasi #1', '73P16Z1', 2, 'Dell PE R720', '10.241.143.65', 'DRC0A4U14E06', 3, '', 1, 'OL6.7', 'intel® Xeon® CPU E-2620 v3@2.60 GHz (2 x 8 Core)', '32 Gb', '3TB', 'internal ', '', 0, '', 0, '', '0000-00-00', '', 0.00, 0.00, '0000-00-00', '', '', NULL),
	(352, 1, '1', 'Aplikasi Rekonsiliasi', '7DP16Z1', 2, 'Dell PE R720', '10.241.143.68', 'DRC0A4U20E09', 3, '', 2, 'Win2008', 'intel® Xeon® CPU E-2620 v3@2.60 GHz (2 x 8 Core)', '64 Gb', '6TB', 'internal ', '', 0, '', 0, '', '0000-00-00', '', 0.00, 0.00, '0000-00-00', '', '', NULL),
	(353, 1, '1', 'FTP Server', '99V9581', 1, 'IBM Blade HS22 #2', '10.58.9.102', 'DRFTP', 3, '', 1, 'RHEL6.2', 'Inter® Xeon® CPU X5675 @3,07 GHz (6 core)', '36 GB', '300 GB', 'internal ', '', 3, '', 0, 'B', '0000-00-00', '', 0.00, 0.00, '0000-00-00', '', '', NULL),
	(354, 1, '1', 'Aplikasi Switcher #1', 'CZN16ZI', 2, 'Dell PE R720', '10.241.143.60', 'DRC0A4U40E01', 3, '', 2, 'Win2008', 'intel® Xeon® CPU E-2620 v3@2.60 GHz (2 x 8 Core)', '32 Gb', '2TB', 'internal ', '', 0, '', 0, '', '0000-00-00', '', 0.00, 0.00, '0000-00-00', '', '', NULL),
	(355, 1, '1', 'Aplikasi Switcher #2', '93P16Z1', 2, 'Dell PE R720', '10.241.143.61', ' DRC0A4U06E02', 3, '', 2, 'Win2008', 'intel® Xeon® CPU E-2620 v3@2.60 GHz (2 x 8 Core)', '32 Gb', '2TB', 'internal ', '', 0, '', 0, '', '0000-00-00', '', 0.00, 0.00, '0000-00-00', '', '', NULL),
	(356, 1, '1', 'Aplikasi Switcher #3', 'GZN16Z1', 2, 'Dell PE R720', '10.241.143.62', 'DRC0A4U06E03', 3, '', 2, 'Win2008', 'intel® Xeon® CPU E-2620 v3@2.60 GHz (2 x 8 Core)', '32 Gb', '2TB', 'internal ', '', 0, '', 0, '', '0000-00-00', '', 0.00, 0.00, '0000-00-00', '', '', NULL),
	(357, 1, '1', 'Aplikasi Switcher #4', '9ZN16Z1', 2, 'Dell PE R720', '10.241.143.63', 'DRC0A4U10E04', 3, '', 2, 'Win2008', 'intel® Xeon® CPU E-2620 v3@2.60 GHz (2 x 8 Core)', '32 Gb', '2TB', 'internal ', '', 0, '', 0, '', '0000-00-00', '', 0.00, 0.00, '0000-00-00', '', '', NULL),
	(358, 1, '1', 'Aplikasi Switcher #5', '6ZN16Z1', 2, 'Dell PE R720', '10.241.143.64', 'DRC0A4U12E05', 3, '', 2, 'Win2008', 'intel® Xeon® CPU E-2620 v3@2.60 GHz (2 x 8 Core)', '32 Gb', '2TB', 'internal ', '', 0, '', 0, '', '0000-00-00', '', 0.00, 0.00, '0000-00-00', '', '', NULL),
	(359, 1, '1', 'Database Switcher', 'DZN16Z1', 2, 'Dell PE R720', '10.241.143.66', 'DRC0A4U16E07', 3, '', 2, 'Win2008', 'intel® Xeon® CPU E-2620 v3@2.60 GHz (2 x 8 Core)', '32 Gb', '2TB', 'internal ', '', 0, '', 0, '', '0000-00-00', '', 0.00, 0.00, '0000-00-00', '', '', NULL),
	(360, 1, '1', 'Database OLAP #1', '8DP16Z1', 2, 'Dell PE R720', '10.241.143.67', 'DRC0A4U18E08', 3, '', 1, 'RHEL6.4', 'intel® Xeon® CPU E-2620 v3@2.60 GHz (2 x 8 Core)', '64 GB', '5 TB', 'internal ', '', 0, '', 0, '', '0000-00-00', '', 0.00, 0.00, '0000-00-00', '', '', NULL),
	(361, 6, '', 'Chasis', 'J32MD2B', 3, 'Chasis Lenovo Flex System', '10.241.243.22', '', 3, 'C09', 0, '', '', '', '', '', 'Vsphere', 0, '', 0, '', '0000-00-00', '', 0.00, 0.00, '0000-00-00', '', '', NULL),
	(362, 6, '', 'Host Vsphere', 'J32MLF5', 3, 'Lenovo Flex System x240 M5', '10.241.143.11', '', 3, 'C09', 0, '', '', '', '', '', '', 0, '', 0, '', '0000-00-00', '', 0.00, 0.00, '0000-00-00', '', '', NULL),
	(363, 6, '', 'Host Vsphere', 'J32MCZ2', 3, 'Lenovo Flex System x240 M5', '10.241.143.12', '', 3, 'C09', 0, '', '', '', '', '', '', 0, '', 0, '', '0000-00-00', '', 0.00, 0.00, '0000-00-00', '', '', NULL),
	(364, 6, '', 'Host Vsphere', 'J32MCZ1', 3, 'Lenovo Flex System x240 M5', '10.241.143.13', '', 3, 'C09', 0, '', '', '', '', '', '', 0, '', 0, '', '0000-00-00', '', 0.00, 0.00, '0000-00-00', '', '', NULL),
	(365, 6, '', 'Host Vsphere', 'J32MD20', 3, 'Lenovo Flex System x240 M5', '10.241.143.14', '', 3, 'C09', 0, '', '', '', '', '', '', 0, '', 0, '', '0000-00-00', '', 0.00, 0.00, '0000-00-00', '', '', NULL),
	(366, 3, '1', 'SAN Controller', '78204LM', 1, 'Storwize V7000', '', '', 0, '', 0, '', '', '', '', '', '', 3, '', 0, 'B', '0000-00-00', '', 0.00, 0.00, '0000-00-00', '', '', NULL),
	(367, 3, '1', 'Storage Expansion', '782034T', 1, 'V7000 Expansion', '', '', 0, '', 0, '', '', '', '', '', '', 3, '', 0, 'B', '0000-00-00', '', 0.00, 0.00, '0000-00-00', '', '', NULL),
	(368, 3, '1', 'Storage Expansion', '78204MW', 1, 'V7000 Expansion', '', '', 0, '', 0, '', '', '', '', '', '', 3, '', 0, 'B', '0000-00-00', '', 0.00, 0.00, '0000-00-00', '', '', NULL),
	(369, 3, '1', 'Storage Expansion', '78204MP', 1, 'V7000 Expansion', '', '', 0, '', 0, '', '', '', '', '', '', 3, '', 0, 'B', '0000-00-00', '', 0.00, 0.00, '0000-00-00', '', '', NULL),
	(370, 3, '1', 'Storage Expansion', '7823F3D', 1, 'V7000 Expansion', '', '', 0, '', 0, '', '', '', '', '', '', 3, '3100201004.19', 2, 'B', '2016-12-20', '', 734948500.00, 0.00, '2019-11-29', '1', '', NULL),
	(371, 3, '1', 'Storage Expansion', '7823F3N', 1, 'V7000 Expansion', '', '', 0, '', 0, '', '', '', '', '', '', 3, '3100201004.20', 2, 'B', '2016-12-20', '', 734948500.00, 0.00, '2019-11-29', '1', '', NULL),
	(372, 3, '1', 'Storage Expansion', '7823F4E', 1, 'V7000 Expansion', '', '', 0, '', 0, '', '', '', '', '', '', 0, '', 0, '', '0000-00-00', '', 0.00, 0.00, '0000-00-00', '', '', NULL),
	(373, 3, '1', 'Storage Expansion', '7823F2C', 1, 'V7000 Expansion', '', '', 0, '', 0, '', '', '', '', '', '', 3, '3100201004.18', 2, 'B', '2016-12-20', '', 734948500.00, 0.00, '2019-11-29', '1', '', NULL),
	(374, 3, '1', 'Storage Expansion', '7823F2A', 1, 'V7000 Expansion', '', '', 0, '', 0, '', '', '', '', '', '', 0, '', 0, '', '0000-00-00', '', 0.00, 0.00, '0000-00-00', '', '', NULL),
	(375, 3, '1', 'Storage Expansion', '7824Y5W', 1, 'V7000 Expansion', '', '', 0, '', 0, '', '', '', '', '', '', 0, '', 0, '', '0000-00-00', '', 0.00, 0.00, '0000-00-00', '', '', NULL),
	(376, 3, '1', 'Storage Expansion', '7824XZY', 1, 'V7000 Expansion', '', '', 0, '', 0, '', '', '', '', '', '', 0, '', 0, '', '0000-00-00', '', 0.00, 0.00, '0000-00-00', '', '', NULL),
	(377, 3, '1', 'SAN Controller', '78K0P62', 1, 'DS5300', '', '', 0, '', 0, '', '', '', '', '', '', 3, '3100201004.08', 2, 'B', '2014-01-13', '', 4407142186.00, 4407142186.00, '2020-01-13', '2', '', NULL),
	(378, 3, '1', 'Storage Expansion', '78K0P2C', 1, 'Exp5000', '', '', 0, '', 0, '', '', '', '', '', '', 0, '', 0, '', '0000-00-00', '', 0.00, 0.00, '0000-00-00', '', '', NULL),
	(379, 3, '1', 'Storage Expansion', '78K0P3A', 1, 'Exp5000', '', '', 0, '', 0, '', '', '', '', '', '', 0, '', 0, '', '0000-00-00', '', 0.00, 0.00, '0000-00-00', '', '', NULL),
	(380, 3, '1', 'Storage Expansion', '78K0P31', 1, 'Exp5000', '', '', 0, '', 0, '', '', '', '', '', '', 0, '', 0, '', '0000-00-00', '', 0.00, 0.00, '0000-00-00', '', '', NULL),
	(381, 3, '1', 'Storage Expansion', '78K0P2N', 1, 'Exp5000', '', '', 0, '', 0, '', '', '', '', '', '', 0, '', 0, '', '0000-00-00', '', 0.00, 0.00, '0000-00-00', '', '', NULL),
	(382, 3, '1', 'Storage Expansion', '78K0P37', 1, 'Exp5000', '', '', 0, '', 0, '', '', '', '', '', '', 0, '', 0, '', '0000-00-00', '', 0.00, 0.00, '0000-00-00', '', '', NULL),
	(383, 3, '1', 'Storage Expansion', '78K0P2P', 1, 'Exp5000', '', '', 0, '', 0, '', '', '', '', '', '', 0, '', 0, '', '0000-00-00', '', 0.00, 0.00, '0000-00-00', '', '', NULL),
	(384, 3, '1', 'Storage Expansion', '78K0P34', 1, 'Exp5000', '', '', 0, '', 0, '', '', '', '', '', '', 0, '', 0, '', '0000-00-00', '', 0.00, 0.00, '0000-00-00', '', '', NULL),
	(385, 3, '1', 'Storage Expansion', '78K0P39', 1, 'Exp5000', '', '', 0, '', 0, '', '', '', '', '', '', 0, '', 0, '', '0000-00-00', '', 0.00, 0.00, '0000-00-00', '', '', NULL),
	(386, 3, '1', 'Storage Expansion', '78K0P2R', 1, 'Exp5000', '', '', 0, '', 0, '', '', '', '', '', '', 0, '', 0, '', '0000-00-00', '', 0.00, 0.00, '0000-00-00', '', '', NULL),
	(387, 3, '1', 'Storage Expansion', '78K0P2L', 1, 'Exp5000', '', '', 0, '', 0, '', '', '', '', '', '', 0, '', 0, '', '0000-00-00', '', 0.00, 0.00, '0000-00-00', '', '', NULL),
	(388, 3, '1', 'Storage Expansion', '78K0P3D', 1, 'Exp5000', '', '', 0, '', 0, '', '', '', '', '', '', 0, '', 0, '', '0000-00-00', '', 0.00, 0.00, '0000-00-00', '', '', NULL),
	(389, 3, '1', 'Storage Expansion', '78K0P3C', 1, 'Exp5000', '', '', 0, '', 0, '', '', '', '', '', '', 0, '', 0, '', '0000-00-00', '', 0.00, 0.00, '0000-00-00', '', '', NULL),
	(390, 3, '1', 'Storage Expansion', '78K0P3B', 1, 'Exp5000', '', '', 0, '', 0, '', '', '', '', '', '', 0, '', 0, '', '0000-00-00', '', 0.00, 0.00, '0000-00-00', '', '', NULL),
	(391, 3, '1', 'Storage Expansion', '78K0P3F', 1, 'Exp5000', '', '', 0, '', 0, '', '', '', '', '', '', 0, '', 0, '', '0000-00-00', '', 0.00, 0.00, '0000-00-00', '', '', NULL),
	(392, 3, '0', 'SAN Controller', '78K0P6A', 1, 'DS5300', '', '', 0, '', 0, '', '', '', '', '', '', 3, '3100201004.09', 2, 'B', '2014-01-13', '', 4407142186.00, 4407142186.00, '2020-01-13', '2', '', NULL),
	(393, 3, '0', 'Storage Expansion', '78K0P35', 1, 'Exp5000', '', '', 0, '', 0, '', '', '', '', '', '', 0, '', 0, '', '0000-00-00', '', 0.00, 0.00, '0000-00-00', '', '', NULL),
	(394, 3, '0', 'Storage Expansion', '78K0P2H', 1, 'Exp5000', '', '', 0, '', 0, '', '', '', '', '', '', 0, '', 0, '', '0000-00-00', '', 0.00, 0.00, '0000-00-00', '', '', NULL),
	(395, 3, '0', 'Storage Expansion', '78K0P2V', 1, 'Exp5000', '', '', 0, '', 0, '', '', '', '', '', '', 0, '', 0, '', '0000-00-00', '', 0.00, 0.00, '0000-00-00', '', '', NULL),
	(396, 3, '0', 'Storage Expansion', '78K0P33', 1, 'Exp5000', '', '', 0, '', 0, '', '', '', '', '', '', 0, '', 0, '', '0000-00-00', '', 0.00, 0.00, '0000-00-00', '', '', NULL),
	(397, 3, '0', 'Storage Expansion', '78K0P2G', 1, 'Exp5000', '', '', 0, '', 0, '', '', '', '', '', '', 0, '', 0, '', '0000-00-00', '', 0.00, 0.00, '0000-00-00', '', '', NULL),
	(398, 3, '0', 'Storage Expansion', '78K0P2D', 1, 'Exp5000', '', '', 0, '', 0, '', '', '', '', '', '', 0, '', 0, '', '0000-00-00', '', 0.00, 0.00, '0000-00-00', '', '', NULL),
	(399, 3, '0', 'Storage Expansion', '78K0P38', 1, 'Exp5000', '', '', 0, '', 0, '', '', '', '', '', '', 0, '', 0, '', '0000-00-00', '', 0.00, 0.00, '0000-00-00', '', '', NULL),
	(400, 3, '0', 'Storage Expansion', '78K0P2A', 1, 'Exp5000', '', '', 0, '', 0, '', '', '', '', '', '', 0, '', 0, '', '0000-00-00', '', 0.00, 0.00, '0000-00-00', '', '', NULL),
	(401, 3, '0', 'Storage Expansion', '78K0P36', 1, 'Exp5000', '', '', 0, '', 0, '', '', '', '', '', '', 0, '', 0, '', '0000-00-00', '', 0.00, 0.00, '0000-00-00', '', '', NULL),
	(402, 3, '0', 'Storage Expansion', '78K0P2B', 1, 'Exp5000', '', '', 0, '', 0, '', '', '', '', '', '', 0, '', 0, '', '0000-00-00', '', 0.00, 0.00, '0000-00-00', '', '', NULL),
	(403, 3, '0', 'Storage Expansion', '78K0P2K', 1, 'Exp5000', '', '', 0, '', 0, '', '', '', '', '', '', 3, '', 0, 'B', '0000-00-00', '', 0.00, 0.00, '0000-00-00', '', '', NULL),
	(404, 3, '0', 'Storage Expansion', '78K0P32', 1, 'Exp5000', '', '', 0, '', 0, '', '', '', '', '', '', 0, '', 0, '', '0000-00-00', '', 0.00, 0.00, '0000-00-00', '', '', NULL),
	(405, 3, '0', 'Storage Expansion', '78K0P2T', 1, 'Exp5000', '', '', 0, '', 0, '', '', '', '', '', '', 0, '', 0, '', '0000-00-00', '', 0.00, 0.00, '0000-00-00', '', '', NULL),
	(406, 3, '0', 'Storage Expansion', '78K0P2M', 1, 'Exp5000', '', '', 0, '', 0, '', '', '', '', '', '', 0, '', 0, '', '0000-00-00', '', 0.00, 0.00, '0000-00-00', '', '', NULL),
	(407, 0, '', 'Concurent Manager 1 production', '', 0, '', '10.240.1.44', 'DR10912V02', 0, '', 3, 'AIX', '60 core', '150 GB', '1,8 TB', 'V7000', '', 0, '', 0, '', '0000-00-00', '', 0.00, 0.00, '0000-00-00', '', '', NULL),
	(408, 0, '', 'Concurent Manager 1 production', '', 0, '', '10.240.1.46', 'DR11012V02', 0, '', 3, 'AIX', '60 core', '150 GB', '1,8 TB', 'V7000', '', 0, '', 0, '', '0000-00-00', '', 0.00, 0.00, '0000-00-00', '', '', NULL),
	(409, 0, '', 'Database Settlement 1 (DB1 SET)', '', 0, '', '10.58.9.103', 'drdb1', 0, '', 1, 'RHEL5.5', 'intel® Xeon® CPU E7-2830 @2.13 GHz (2 x 8 Core)', '128 GB', '250 GB + 2150GB', 'DS 5020', '', 0, '', 0, '', '0000-00-00', '', 0.00, 0.00, '0000-00-00', '', '', NULL),
	(410, 0, '', 'Database Settlement 1 (DB1 SET)', '', 0, '', '10.58.9.107', 'drdb2', 0, '', 1, 'RHEL5.5', 'intel® Xeon® CPU E7-2830 @2.13 GHz (2 x 8 Core)', '128 GB', '250 GB + 2150GB', 'DS 5020', '', 0, '', 0, '', '0000-00-00', '', 0.00, 0.00, '0000-00-00', '', '', NULL),
	(411, 13, '0', 'Halo', 'Test', 2, 'Test', '10.242.231.116', 'test', 2, '02', NULL, NULL, NULL, NULL, NULL, NULL, NULL, NULL, NULL, NULL, NULL, NULL, NULL, NULL, NULL, NULL, NULL, NULL, NULL);
/*!40000 ALTER TABLE `d_server` ENABLE KEYS */;

-- Dumping structure for table colocolo.r_app_version
CREATE TABLE IF NOT EXISTS `r_app_version` (
  `id` int(10) NOT NULL AUTO_INCREMENT,
  `versi` varchar(50) DEFAULT NULL,
  `nama` varchar(50) DEFAULT NULL,
  `status` char(1) DEFAULT NULL,
  `ket` varchar(255) DEFAULT NULL,
  PRIMARY KEY (`id`)
) ENGINE=InnoDB AUTO_INCREMENT=2 DEFAULT CHARSET=latin1;

-- Dumping data for table colocolo.r_app_version: ~1 rows (approximately)
DELETE FROM `r_app_version`;
/*!40000 ALTER TABLE `r_app_version` DISABLE KEYS */;
INSERT INTO `r_app_version` (`id`, `versi`, `nama`, `status`, `ket`) VALUES
	(1, 'Beta', 'SISCo', '1', 'Sistem Informasi Server Colocation');
/*!40000 ALTER TABLE `r_app_version` ENABLE KEYS */;

-- Dumping structure for table colocolo.r_center
CREATE TABLE IF NOT EXISTS `r_center` (
  `id` int(10) unsigned NOT NULL AUTO_INCREMENT,
  `nama` varchar(255) NOT NULL,
  `ket` varchar(255) NOT NULL,
  PRIMARY KEY (`id`)
) ENGINE=InnoDB AUTO_INCREMENT=4 DEFAULT CHARSET=latin1;

-- Dumping data for table colocolo.r_center: ~2 rows (approximately)
DELETE FROM `r_center`;
/*!40000 ALTER TABLE `r_center` DISABLE KEYS */;
INSERT INTO `r_center` (`id`, `nama`, `ket`) VALUES
	(1, 'DC SPAN', '-'),
	(2, 'DC Kemenkeu Pusintek', '-'),
	(3, 'DRC Balikpapan', '-');
/*!40000 ALTER TABLE `r_center` ENABLE KEYS */;

-- Dumping structure for table colocolo.r_env
CREATE TABLE IF NOT EXISTS `r_env` (
  `kd_env` char(2) NOT NULL,
  `nm_env` varchar(255) NOT NULL,
  `warna` varchar(50) DEFAULT NULL,
  PRIMARY KEY (`kd_env`)
) ENGINE=InnoDB DEFAULT CHARSET=latin1;

-- Dumping data for table colocolo.r_env: ~5 rows (approximately)
DELETE FROM `r_env`;
/*!40000 ALTER TABLE `r_env` DISABLE KEYS */;
INSERT INTO `r_env` (`kd_env`, `nm_env`, `warna`) VALUES
	('0', 'dev/training', 'warning'),
	('1', 'production', 'success'),
	('2', 'familiarisasi', 'warning'),
	('3', 'settlement', 'warning'),
	('4', 'UT/UAT', 'warning');
/*!40000 ALTER TABLE `r_env` ENABLE KEYS */;

-- Dumping structure for table colocolo.r_level
CREATE TABLE IF NOT EXISTS `r_level` (
  `kdlevel` varchar(2) NOT NULL,
  `nmlevel` varchar(50) DEFAULT NULL,
  PRIMARY KEY (`kdlevel`)
) ENGINE=InnoDB DEFAULT CHARSET=latin1;

-- Dumping data for table colocolo.r_level: ~2 rows (approximately)
DELETE FROM `r_level`;
/*!40000 ALTER TABLE `r_level` DISABLE KEYS */;
INSERT INTO `r_level` (`kdlevel`, `nmlevel`) VALUES
	('00', 'Admin'),
	('01', 'Operator');
/*!40000 ALTER TABLE `r_level` ENABLE KEYS */;

-- Dumping structure for table colocolo.r_lisensi_sts
CREATE TABLE IF NOT EXISTS `r_lisensi_sts` (
  `kd_sts` char(1) NOT NULL,
  `nm_sts` varchar(255) NOT NULL,
  PRIMARY KEY (`kd_sts`)
) ENGINE=InnoDB DEFAULT CHARSET=latin1;

-- Dumping data for table colocolo.r_lisensi_sts: ~2 rows (approximately)
DELETE FROM `r_lisensi_sts`;
/*!40000 ALTER TABLE `r_lisensi_sts` DISABLE KEYS */;
INSERT INTO `r_lisensi_sts` (`kd_sts`, `nm_sts`) VALUES
	('0', 'expired'),
	('1', 'active'),
	('2', 'warranty');
/*!40000 ALTER TABLE `r_lisensi_sts` ENABLE KEYS */;

-- Dumping structure for table colocolo.r_uraian_bmn
CREATE TABLE IF NOT EXISTS `r_uraian_bmn` (
  `id` int(10) unsigned NOT NULL AUTO_INCREMENT,
  `uraian` varchar(255) NOT NULL,
  PRIMARY KEY (`id`)
) ENGINE=InnoDB AUTO_INCREMENT=4 DEFAULT CHARSET=latin1;

-- Dumping data for table colocolo.r_uraian_bmn: ~2 rows (approximately)
DELETE FROM `r_uraian_bmn`;
/*!40000 ALTER TABLE `r_uraian_bmn` DISABLE KEYS */;
INSERT INTO `r_uraian_bmn` (`id`, `uraian`) VALUES
	(1, 'Server'),
	(2, 'Storage Modul Disk'),
	(3, 'Modem');
/*!40000 ALTER TABLE `r_uraian_bmn` ENABLE KEYS */;

-- Dumping structure for table colocolo.t_app
CREATE TABLE IF NOT EXISTS `t_app` (
  `id` int(10) unsigned NOT NULL AUTO_INCREMENT,
  `nama` varchar(255) NOT NULL,
  `ket` varchar(255) DEFAULT NULL,
  PRIMARY KEY (`id`)
) ENGINE=InnoDB AUTO_INCREMENT=14 DEFAULT CHARSET=latin1;

-- Dumping data for table colocolo.t_app: ~13 rows (approximately)
DELETE FROM `t_app`;
/*!40000 ALTER TABLE `t_app` DISABLE KEYS */;
INSERT INTO `t_app` (`id`, `nama`, `ket`) VALUES
	(1, 'MPN G2', '-'),
	(2, 'SAKTI', '-'),
	(3, 'SPAN', '-'),
	(4, 'Hyperion/CW', '-'),
	(5, 'EBS SPAN', '-'),
	(6, 'Host VM', '-'),
	(7, 'Staging', '-'),
	(8, 'E-Rekon', '-'),
	(9, 'E-SPM', '-'),
	(10, 'SIKP', '-'),
	(11, 'HAI DJPb', '-'),
	(12, 'OM SPAN', '-'),
	(13, 'DB Peraturan', '-');
/*!40000 ALTER TABLE `t_app` ENABLE KEYS */;

-- Dumping structure for table colocolo.t_menu
CREATE TABLE IF NOT EXISTS `t_menu` (
  `id` int(10) unsigned NOT NULL AUTO_INCREMENT,
  `title` varchar(255) DEFAULT NULL,
  `nourut` tinyint(2) DEFAULT NULL,
  `url` varchar(255) DEFAULT NULL,
  `icon` varchar(255) DEFAULT NULL,
  `parent_id` int(10) DEFAULT NULL,
  `is_parent` char(1) DEFAULT NULL,
  `aktif` char(50) DEFAULT NULL,
  `nmfile` varchar(255) DEFAULT NULL,
  `new_tab` char(50) DEFAULT NULL,
  PRIMARY KEY (`id`)
) ENGINE=InnoDB AUTO_INCREMENT=11 DEFAULT CHARSET=latin1;

-- Dumping data for table colocolo.t_menu: ~10 rows (approximately)
DELETE FROM `t_menu`;
/*!40000 ALTER TABLE `t_menu` DISABLE KEYS */;
INSERT INTO `t_menu` (`id`, `title`, `nourut`, `url`, `icon`, `parent_id`, `is_parent`, `aktif`, `nmfile`, `new_tab`) VALUES
	(1, 'Dashboard', 1, 'dashboard', 'icon-speedometer', 0, '0', '1', 'dashboard.html', NULL),
	(2, 'Input', 2, 'input', 'icon-pencil', 0, '0', '1', 'input.html', NULL),
	(3, 'Monitoring', 3, '#', 'icon-screen-desktop', 0, '1', '1', NULL, NULL),
	(4, 'Hardware', 1, 'mon/hardware', 'icon-arrow-right', 3, '0', '1', 'mon-hardware.html', NULL),
	(5, 'Referensi', 4, '#', 'icon-list', 0, '1', '1', NULL, NULL),
	(6, 'Aplikasi', 1, 'ref/app', 'icon-arrow-right', 5, '0', '1', 'ref-app.html', NULL),
	(7, 'Merk Server', 2, 'ref/merk-server', 'icon-arrow-right', 5, '0', '1', 'ref-merk-server.html', NULL),
	(8, 'OS', 3, 'ref/os', 'icon-arrow-right', 5, '0', '1', 'ref-os.html', NULL),
	(9, 'Software', 2, 'mon/software', 'icon-arrow-right', 3, '0', '1', 'mon-software.html', NULL),
	(10, 'Administrative', 3, 'mon/administrative', 'icon-arrow-right', 3, '0', '1', 'mon-administrative.html', NULL);
/*!40000 ALTER TABLE `t_menu` ENABLE KEYS */;

-- Dumping structure for table colocolo.t_menu_level
CREATE TABLE IF NOT EXISTS `t_menu_level` (
  `menu_id` int(10) unsigned NOT NULL,
  `kdlevel` varchar(2) NOT NULL,
  KEY `FK_t_menu_level_t_menu` (`menu_id`),
  KEY `FK_t_menu_level_r_level` (`kdlevel`),
  CONSTRAINT `FK_t_menu_level_r_level` FOREIGN KEY (`kdlevel`) REFERENCES `r_level` (`kdlevel`) ON DELETE CASCADE ON UPDATE CASCADE,
  CONSTRAINT `FK_t_menu_level_t_menu` FOREIGN KEY (`menu_id`) REFERENCES `t_menu` (`id`) ON DELETE CASCADE ON UPDATE CASCADE
) ENGINE=InnoDB DEFAULT CHARSET=latin1;

-- Dumping data for table colocolo.t_menu_level: ~10 rows (approximately)
DELETE FROM `t_menu_level`;
/*!40000 ALTER TABLE `t_menu_level` DISABLE KEYS */;
INSERT INTO `t_menu_level` (`menu_id`, `kdlevel`) VALUES
	(1, '00'),
	(2, '00'),
	(3, '00'),
	(4, '00'),
	(5, '00'),
	(6, '00'),
	(7, '00'),
	(8, '00'),
	(9, '00'),
	(10, '00');
/*!40000 ALTER TABLE `t_menu_level` ENABLE KEYS */;

-- Dumping structure for table colocolo.t_merk
CREATE TABLE IF NOT EXISTS `t_merk` (
  `id` int(10) unsigned NOT NULL AUTO_INCREMENT,
  `nama` varchar(255) NOT NULL,
  `ket` varchar(255) DEFAULT NULL,
  PRIMARY KEY (`id`)
) ENGINE=InnoDB AUTO_INCREMENT=7 DEFAULT CHARSET=latin1;

-- Dumping data for table colocolo.t_merk: ~6 rows (approximately)
DELETE FROM `t_merk`;
/*!40000 ALTER TABLE `t_merk` DISABLE KEYS */;
INSERT INTO `t_merk` (`id`, `nama`, `ket`) VALUES
	(1, 'IBM', '-'),
	(2, 'Dell', '-'),
	(3, 'Lenovo', '-'),
	(4, 'Fujitsu', '-'),
	(5, 'Oracle', '-'),
	(6, 'Oracle Exadata', '-');
/*!40000 ALTER TABLE `t_merk` ENABLE KEYS */;

-- Dumping structure for table colocolo.t_os
CREATE TABLE IF NOT EXISTS `t_os` (
  `id` int(10) unsigned NOT NULL AUTO_INCREMENT,
  `nama` varchar(255) NOT NULL,
  `ket` varchar(255) DEFAULT NULL,
  PRIMARY KEY (`id`)
) ENGINE=InnoDB AUTO_INCREMENT=4 DEFAULT CHARSET=latin1;

-- Dumping data for table colocolo.t_os: ~3 rows (approximately)
DELETE FROM `t_os`;
/*!40000 ALTER TABLE `t_os` DISABLE KEYS */;
INSERT INTO `t_os` (`id`, `nama`, `ket`) VALUES
	(1, 'Linux', '-'),
	(2, 'Windows', '-'),
	(3, 'Unix', '-');
/*!40000 ALTER TABLE `t_os` ENABLE KEYS */;

-- Dumping structure for table colocolo.t_uakpb
CREATE TABLE IF NOT EXISTS `t_uakpb` (
  `id` int(10) unsigned NOT NULL AUTO_INCREMENT,
  `nama` varchar(255) NOT NULL,
  `ket` varchar(255) DEFAULT NULL,
  PRIMARY KEY (`id`)
) ENGINE=InnoDB AUTO_INCREMENT=5 DEFAULT CHARSET=latin1;

-- Dumping data for table colocolo.t_uakpb: ~4 rows (approximately)
DELETE FROM `t_uakpb`;
/*!40000 ALTER TABLE `t_uakpb` DISABLE KEYS */;
INSERT INTO `t_uakpb` (`id`, `nama`, `ket`) VALUES
	(1, 'DJPb', '-'),
	(2, 'Pusintek', '-'),
	(3, 'SPAN', '-'),
	(4, 'Sewa', '-');
/*!40000 ALTER TABLE `t_uakpb` ENABLE KEYS */;

-- Dumping structure for table colocolo.t_user
CREATE TABLE IF NOT EXISTS `t_user` (
  `id` int(10) NOT NULL AUTO_INCREMENT,
  `kdlevel` varchar(2) NOT NULL,
  `username` varchar(255) NOT NULL,
  `password` varchar(255) NOT NULL,
  `nama` varchar(50) DEFAULT NULL,
  `nip` varchar(18) DEFAULT NULL,
  `email` varchar(50) DEFAULT NULL,
  `foto` varchar(255) DEFAULT NULL,
  `aktif` varchar(1) DEFAULT NULL,
  PRIMARY KEY (`id`),
  UNIQUE KEY `username` (`username`)
) ENGINE=InnoDB AUTO_INCREMENT=2 DEFAULT CHARSET=latin1 ROW_FORMAT=COMPACT;

-- Dumping data for table colocolo.t_user: ~0 rows (approximately)
DELETE FROM `t_user`;
/*!40000 ALTER TABLE `t_user` DISABLE KEYS */;
INSERT INTO `t_user` (`id`, `kdlevel`, `username`, `password`, `nama`, `nip`, `email`, `foto`, `aktif`) VALUES
	(1, '00', 'admin', '21232f297a57a5a743894a0e4a801fc3', 'Administrator', NULL, NULL, NULL, '1');
/*!40000 ALTER TABLE `t_user` ENABLE KEYS */;

/*!40101 SET SQL_MODE=IFNULL(@OLD_SQL_MODE, '') */;
/*!40014 SET FOREIGN_KEY_CHECKS=IF(@OLD_FOREIGN_KEY_CHECKS IS NULL, 1, @OLD_FOREIGN_KEY_CHECKS) */;
/*!40101 SET CHARACTER_SET_CLIENT=@OLD_CHARACTER_SET_CLIENT */;
